Copyright 1986-2018 Xilinx, Inc. All Rights Reserved.
--------------------------------------------------------------------------------------------------------------------------------------------------------------------------------------------------------------------------------------------------
| Tool Version : Vivado v.2018.3 (win64) Build 2405991 Thu Dec  6 23:38:27 MST 2018
| Date         : Thu Sep 24 16:25:22 2026
| Host         : LAPTOP-MK9F4NL5 running 64-bit major release  (build 9200)
| Command      : report_timing_summary -max_paths 10 -file multi_protocol_bd_wrapper_timing_summary_routed.rpt -pb multi_protocol_bd_wrapper_timing_summary_routed.pb -rpx multi_protocol_bd_wrapper_timing_summary_routed.rpx -warn_on_violation
| Design       : multi_protocol_bd_wrapper
| Device       : 7z020-clg484
| Speed File   : -2  PRODUCTION 1.11 2014-09-11
--------------------------------------------------------------------------------------------------------------------------------------------------------------------------------------------------------------------------------------------------

Timing Summary Report

------------------------------------------------------------------------------------------------
| Timer Settings
| --------------
------------------------------------------------------------------------------------------------

  Enable Multi Corner Analysis               :  Yes
  Enable Pessimism Removal                   :  Yes
  Pessimism Removal Resolution               :  Nearest Common Node
  Enable Input Delay Default Clock           :  No
  Enable Preset / Clear Arcs                 :  No
  Disable Flight Delays                      :  No
  Ignore I/O Paths                           :  No
  Timing Early Launch at Borrowing Latches   :  false

  Corner  Analyze    Analyze    
  Name    Max Paths  Min Paths  
  ------  ---------  ---------  
  Slow    Yes        Yes        
  Fast    Yes        Yes        



check_timing report

Table of Contents
-----------------
1. checking no_clock
2. checking constant_clock
3. checking pulse_width_clock
4. checking unconstrained_internal_endpoints
5. checking no_input_delay
6. checking no_output_delay
7. checking multiple_clock
8. checking generated_clocks
9. checking loops
10. checking partial_input_delay
11. checking partial_output_delay
12. checking latch_loops

1. checking no_clock
--------------------
 There are 0 register/latch pins with no clock.


2. checking constant_clock
--------------------------
 There are 0 register/latch pins with constant_clock.


3. checking pulse_width_clock
-----------------------------
 There are 0 register/latch pins which need pulse_width check


4. checking unconstrained_internal_endpoints
--------------------------------------------
 There are 0 pins that are not constrained for maximum delay.

 There are 0 pins that are not constrained for maximum delay due to constant clock.


5. checking no_input_delay
--------------------------
 There are 0 input ports with no input delay specified.

 There are 0 input ports with no input delay but user has a false path constraint.


6. checking no_output_delay
---------------------------
 There are 19 ports with no output delay specified. (HIGH)

 There are 2 ports with no output delay but user has a false path constraint (MEDIUM)

 There are 0 ports with no output delay but with a timing clock defined on it or propagating through it


7. checking multiple_clock
--------------------------
 There are 0 register/latch pins with multiple clocks.


8. checking generated_clocks
----------------------------
 There are 0 generated clocks that are not connected to a clock source.


9. checking loops
-----------------
 There are 0 combinational loops in the design.


10. checking partial_input_delay
--------------------------------
 There are 0 input ports with partial input delay specified.


11. checking partial_output_delay
---------------------------------
 There are 0 ports with partial output delay specified.


12. checking latch_loops
------------------------
 There are 0 combinational latch loops in the design through latch input



------------------------------------------------------------------------------------------------
| Design Timing Summary
| ---------------------
------------------------------------------------------------------------------------------------

    WNS(ns)      TNS(ns)  TNS Failing Endpoints  TNS Total Endpoints      WHS(ns)      THS(ns)  THS Failing Endpoints  THS Total Endpoints     WPWS(ns)     TPWS(ns)  TPWS Failing Endpoints  TPWS Total Endpoints  
    -------      -------  ---------------------  -------------------      -------      -------  ---------------------  -------------------     --------     --------  ----------------------  --------------------  
      3.802        0.000                      0                18967        0.036        0.000                      0                18860        3.870        0.000                       0                  7857  


All user specified timing constraints are met.


------------------------------------------------------------------------------------------------
| Clock Summary
| -------------
------------------------------------------------------------------------------------------------

Clock       Waveform(ns)       Period(ns)      Frequency(MHz)
-----       ------------       ----------      --------------
clk_fpga_0  {0.000 5.000}      10.000          100.000         
clk_fpga_1  {0.000 15.278}     30.555          32.728          


------------------------------------------------------------------------------------------------
| Intra Clock Table
| -----------------
------------------------------------------------------------------------------------------------

Clock             WNS(ns)      TNS(ns)  TNS Failing Endpoints  TNS Total Endpoints      WHS(ns)      THS(ns)  THS Failing Endpoints  THS Total Endpoints     WPWS(ns)     TPWS(ns)  TPWS Failing Endpoints  TPWS Total Endpoints  
-----             -------      -------  ---------------------  -------------------      -------      -------  ---------------------  -------------------     --------     --------  ----------------------  --------------------  
clk_fpga_0          3.802        0.000                      0                14182        0.036        0.000                      0                14182        3.870        0.000                       0                  5395  
clk_fpga_1         19.038        0.000                      0                 4678        0.065        0.000                      0                 4678       14.424        0.000                       0                  2462  


------------------------------------------------------------------------------------------------
| Inter Clock Table
| -----------------
------------------------------------------------------------------------------------------------

From Clock    To Clock          WNS(ns)      TNS(ns)  TNS Failing Endpoints  TNS Total Endpoints      WHS(ns)      THS(ns)  THS Failing Endpoints  THS Total Endpoints  
----------    --------          -------      -------  ---------------------  -------------------      -------      -------  ---------------------  -------------------  
clk_fpga_1    clk_fpga_0         29.161        0.000                      0                   44                                                                        
clk_fpga_0    clk_fpga_1          8.756        0.000                      0                   63                                                                        


------------------------------------------------------------------------------------------------
| Other Path Groups Table
| -----------------------
------------------------------------------------------------------------------------------------

Path Group    From Clock    To Clock          WNS(ns)      TNS(ns)  TNS Failing Endpoints  TNS Total Endpoints      WHS(ns)      THS(ns)  THS Failing Endpoints  THS Total Endpoints  
----------    ----------    --------          -------      -------  ---------------------  -------------------      -------      -------  ---------------------  -------------------  


------------------------------------------------------------------------------------------------
| Timing Details
| --------------
------------------------------------------------------------------------------------------------


---------------------------------------------------------------------------------------------------
From Clock:  clk_fpga_0
  To Clock:  clk_fpga_0

Setup :            0  Failing Endpoints,  Worst Slack        3.802ns,  Total Violation        0.000ns
Hold  :            0  Failing Endpoints,  Worst Slack        0.036ns,  Total Violation        0.000ns
PW    :            0  Failing Endpoints,  Worst Slack        3.870ns,  Total Violation        0.000ns
---------------------------------------------------------------------------------------------------


Max Delay Paths
--------------------------------------------------------------------------------------
Slack (MET) :             3.802ns  (required time - arrival time)
  Source:                 multi_protocol_bd_i/processing_system7_0/inst/PS7_i/MAXIGP0ACLK
                            (rising edge-triggered cell PS7 clocked by clk_fpga_0  {rise@0.000ns fall@5.000ns period=10.000ns})
  Destination:            multi_protocol_bd_i/multi_protocol_core_0/inst/virtual_evt_data_reg[102]/CE
                            (rising edge-triggered cell FDRE clocked by clk_fpga_0  {rise@0.000ns fall@5.000ns period=10.000ns})
  Path Group:             clk_fpga_0
  Path Type:              Setup (Max at Slow Process Corner)
  Requirement:            10.000ns  (clk_fpga_0 rise@10.000ns - clk_fpga_0 rise@0.000ns)
  Data Path Delay:        5.708ns  (logic 1.731ns (30.326%)  route 3.977ns (69.674%))
  Logic Levels:           4  (LUT3=2 LUT6=2)
  Clock Path Skew:        -0.168ns (DCD - SCD + CPR)
    Destination Clock Delay (DCD):    2.266ns = ( 12.266 - 10.000 ) 
    Source Clock Delay      (SCD):    2.542ns
    Clock Pessimism Removal (CPR):    0.109ns
  Clock Uncertainty:      0.154ns  ((TSJ^2 + TIJ^2)^1/2 + DJ) / 2 + PE
    Total System Jitter     (TSJ):    0.071ns
    Total Input Jitter      (TIJ):    0.300ns
    Discrete Jitter          (DJ):    0.000ns
    Phase Error              (PE):    0.000ns

    Location             Delay type                Incr(ns)  Path(ns)    Netlist Resource(s)
  -------------------------------------------------------------------    -------------------
                         (clock clk_fpga_0 rise edge)
                                                      0.000     0.000 r  
    PS7_X0Y0             PS7                          0.000     0.000 r  multi_protocol_bd_i/processing_system7_0/inst/PS7_i/FCLKCLK[0]
                         net (fo=1, routed)           0.994     0.994    multi_protocol_bd_i/processing_system7_0/inst/FCLK_CLK_unbuffered[0]
    BUFGCTRL_X0Y17       BUFG (Prop_bufg_I_O)         0.085     1.079 r  multi_protocol_bd_i/processing_system7_0/inst/buffer_fclk_clk_0.FCLK_CLK_0_BUFG/O
                         net (fo=5396, routed)        1.463     2.542    multi_protocol_bd_i/processing_system7_0/inst/M_AXI_GP0_ACLK
    PS7_X0Y0             PS7                                          r  multi_protocol_bd_i/processing_system7_0/inst/PS7_i/MAXIGP0ACLK
  -------------------------------------------------------------------    -------------------
    PS7_X0Y0             PS7 (Prop_ps7_MAXIGP0ACLK_MAXIGP0WDATA[2])
                                                      1.127     3.669 r  multi_protocol_bd_i/processing_system7_0/inst/PS7_i/MAXIGP0WDATA[2]
                         net (fo=6, routed)           1.328     4.998    multi_protocol_bd_i/multi_protocol_core_0/inst/s_axi_wdata[2]
    SLICE_X41Y90         LUT3 (Prop_lut3_I2_O)        0.119     5.117 r  multi_protocol_bd_i/multi_protocol_core_0/inst/led_ctrl_reg[2]_i_1/O
                         net (fo=7, routed)           0.377     5.494    multi_protocol_bd_i/multi_protocol_core_0/inst/p_0_in13_in
    SLICE_X42Y89         LUT6 (Prop_lut6_I0_O)        0.275     5.769 r  multi_protocol_bd_i/multi_protocol_core_0/inst/virtual_evt_data[127]_i_6/O
                         net (fo=2, routed)           0.837     6.606    multi_protocol_bd_i/multi_protocol_core_0/inst/virtual_evt_data[127]_i_6_n_0
    SLICE_X44Y88         LUT6 (Prop_lut6_I5_O)        0.105     6.711 r  multi_protocol_bd_i/multi_protocol_core_0/inst/virtual_evt_data[127]_i_2/O
                         net (fo=2, routed)           0.386     7.097    multi_protocol_bd_i/multi_protocol_core_0/inst/event_arbiter/virtual_evt_trigger_reg_0
    SLICE_X43Y85         LUT3 (Prop_lut3_I2_O)        0.105     7.202 r  multi_protocol_bd_i/multi_protocol_core_0/inst/event_arbiter/virtual_evt_data[127]_i_1/O
                         net (fo=92, routed)          1.049     8.250    multi_protocol_bd_i/multi_protocol_core_0/inst/virtual_evt_valid7_out
    SLICE_X57Y89         FDRE                                         r  multi_protocol_bd_i/multi_protocol_core_0/inst/virtual_evt_data_reg[102]/CE
  -------------------------------------------------------------------    -------------------

                         (clock clk_fpga_0 rise edge)
                                                     10.000    10.000 r  
    PS7_X0Y0             PS7                          0.000    10.000 r  multi_protocol_bd_i/processing_system7_0/inst/PS7_i/FCLKCLK[0]
                         net (fo=1, routed)           0.905    10.906    multi_protocol_bd_i/processing_system7_0/inst/FCLK_CLK_unbuffered[0]
    BUFGCTRL_X0Y17       BUFG (Prop_bufg_I_O)         0.077    10.983 r  multi_protocol_bd_i/processing_system7_0/inst/buffer_fclk_clk_0.FCLK_CLK_0_BUFG/O
                         net (fo=5396, routed)        1.283    12.266    multi_protocol_bd_i/multi_protocol_core_0/inst/s_axi_aclk
    SLICE_X57Y89         FDRE                                         r  multi_protocol_bd_i/multi_protocol_core_0/inst/virtual_evt_data_reg[102]/C
                         clock pessimism              0.109    12.374    
                         clock uncertainty           -0.154    12.220    
    SLICE_X57Y89         FDRE (Setup_fdre_C_CE)      -0.168    12.052    multi_protocol_bd_i/multi_protocol_core_0/inst/virtual_evt_data_reg[102]
  -------------------------------------------------------------------
                         required time                         12.052    
                         arrival time                          -8.250    
  -------------------------------------------------------------------
                         slack                                  3.802    

Slack (MET) :             3.802ns  (required time - arrival time)
  Source:                 multi_protocol_bd_i/processing_system7_0/inst/PS7_i/MAXIGP0ACLK
                            (rising edge-triggered cell PS7 clocked by clk_fpga_0  {rise@0.000ns fall@5.000ns period=10.000ns})
  Destination:            multi_protocol_bd_i/multi_protocol_core_0/inst/virtual_evt_data_reg[113]/CE
                            (rising edge-triggered cell FDRE clocked by clk_fpga_0  {rise@0.000ns fall@5.000ns period=10.000ns})
  Path Group:             clk_fpga_0
  Path Type:              Setup (Max at Slow Process Corner)
  Requirement:            10.000ns  (clk_fpga_0 rise@10.000ns - clk_fpga_0 rise@0.000ns)
  Data Path Delay:        5.708ns  (logic 1.731ns (30.326%)  route 3.977ns (69.674%))
  Logic Levels:           4  (LUT3=2 LUT6=2)
  Clock Path Skew:        -0.168ns (DCD - SCD + CPR)
    Destination Clock Delay (DCD):    2.266ns = ( 12.266 - 10.000 ) 
    Source Clock Delay      (SCD):    2.542ns
    Clock Pessimism Removal (CPR):    0.109ns
  Clock Uncertainty:      0.154ns  ((TSJ^2 + TIJ^2)^1/2 + DJ) / 2 + PE
    Total System Jitter     (TSJ):    0.071ns
    Total Input Jitter      (TIJ):    0.300ns
    Discrete Jitter          (DJ):    0.000ns
    Phase Error              (PE):    0.000ns

    Location             Delay type                Incr(ns)  Path(ns)    Netlist Resource(s)
  -------------------------------------------------------------------    -------------------
                         (clock clk_fpga_0 rise edge)
                                                      0.000     0.000 r  
    PS7_X0Y0             PS7                          0.000     0.000 r  multi_protocol_bd_i/processing_system7_0/inst/PS7_i/FCLKCLK[0]
                         net (fo=1, routed)           0.994     0.994    multi_protocol_bd_i/processing_system7_0/inst/FCLK_CLK_unbuffered[0]
    BUFGCTRL_X0Y17       BUFG (Prop_bufg_I_O)         0.085     1.079 r  multi_protocol_bd_i/processing_system7_0/inst/buffer_fclk_clk_0.FCLK_CLK_0_BUFG/O
                         net (fo=5396, routed)        1.463     2.542    multi_protocol_bd_i/processing_system7_0/inst/M_AXI_GP0_ACLK
    PS7_X0Y0             PS7                                          r  multi_protocol_bd_i/processing_system7_0/inst/PS7_i/MAXIGP0ACLK
  -------------------------------------------------------------------    -------------------
    PS7_X0Y0             PS7 (Prop_ps7_MAXIGP0ACLK_MAXIGP0WDATA[2])
                                                      1.127     3.669 r  multi_protocol_bd_i/processing_system7_0/inst/PS7_i/MAXIGP0WDATA[2]
                         net (fo=6, routed)           1.328     4.998    multi_protocol_bd_i/multi_protocol_core_0/inst/s_axi_wdata[2]
    SLICE_X41Y90         LUT3 (Prop_lut3_I2_O)        0.119     5.117 r  multi_protocol_bd_i/multi_protocol_core_0/inst/led_ctrl_reg[2]_i_1/O
                         net (fo=7, routed)           0.377     5.494    multi_protocol_bd_i/multi_protocol_core_0/inst/p_0_in13_in
    SLICE_X42Y89         LUT6 (Prop_lut6_I0_O)        0.275     5.769 r  multi_protocol_bd_i/multi_protocol_core_0/inst/virtual_evt_data[127]_i_6/O
                         net (fo=2, routed)           0.837     6.606    multi_protocol_bd_i/multi_protocol_core_0/inst/virtual_evt_data[127]_i_6_n_0
    SLICE_X44Y88         LUT6 (Prop_lut6_I5_O)        0.105     6.711 r  multi_protocol_bd_i/multi_protocol_core_0/inst/virtual_evt_data[127]_i_2/O
                         net (fo=2, routed)           0.386     7.097    multi_protocol_bd_i/multi_protocol_core_0/inst/event_arbiter/virtual_evt_trigger_reg_0
    SLICE_X43Y85         LUT3 (Prop_lut3_I2_O)        0.105     7.202 r  multi_protocol_bd_i/multi_protocol_core_0/inst/event_arbiter/virtual_evt_data[127]_i_1/O
                         net (fo=92, routed)          1.049     8.250    multi_protocol_bd_i/multi_protocol_core_0/inst/virtual_evt_valid7_out
    SLICE_X57Y89         FDRE                                         r  multi_protocol_bd_i/multi_protocol_core_0/inst/virtual_evt_data_reg[113]/CE
  -------------------------------------------------------------------    -------------------

                         (clock clk_fpga_0 rise edge)
                                                     10.000    10.000 r  
    PS7_X0Y0             PS7                          0.000    10.000 r  multi_protocol_bd_i/processing_system7_0/inst/PS7_i/FCLKCLK[0]
                         net (fo=1, routed)           0.905    10.906    multi_protocol_bd_i/processing_system7_0/inst/FCLK_CLK_unbuffered[0]
    BUFGCTRL_X0Y17       BUFG (Prop_bufg_I_O)         0.077    10.983 r  multi_protocol_bd_i/processing_system7_0/inst/buffer_fclk_clk_0.FCLK_CLK_0_BUFG/O
                         net (fo=5396, routed)        1.283    12.266    multi_protocol_bd_i/multi_protocol_core_0/inst/s_axi_aclk
    SLICE_X57Y89         FDRE                                         r  multi_protocol_bd_i/multi_protocol_core_0/inst/virtual_evt_data_reg[113]/C
                         clock pessimism              0.109    12.374    
                         clock uncertainty           -0.154    12.220    
    SLICE_X57Y89         FDRE (Setup_fdre_C_CE)      -0.168    12.052    multi_protocol_bd_i/multi_protocol_core_0/inst/virtual_evt_data_reg[113]
  -------------------------------------------------------------------
                         required time                         12.052    
                         arrival time                          -8.250    
  -------------------------------------------------------------------
                         slack                                  3.802    

Slack (MET) :             3.802ns  (required time - arrival time)
  Source:                 multi_protocol_bd_i/processing_system7_0/inst/PS7_i/MAXIGP0ACLK
                            (rising edge-triggered cell PS7 clocked by clk_fpga_0  {rise@0.000ns fall@5.000ns period=10.000ns})
  Destination:            multi_protocol_bd_i/multi_protocol_core_0/inst/virtual_evt_data_reg[75]/CE
                            (rising edge-triggered cell FDRE clocked by clk_fpga_0  {rise@0.000ns fall@5.000ns period=10.000ns})
  Path Group:             clk_fpga_0
  Path Type:              Setup (Max at Slow Process Corner)
  Requirement:            10.000ns  (clk_fpga_0 rise@10.000ns - clk_fpga_0 rise@0.000ns)
  Data Path Delay:        5.708ns  (logic 1.731ns (30.326%)  route 3.977ns (69.674%))
  Logic Levels:           4  (LUT3=2 LUT6=2)
  Clock Path Skew:        -0.168ns (DCD - SCD + CPR)
    Destination Clock Delay (DCD):    2.266ns = ( 12.266 - 10.000 ) 
    Source Clock Delay      (SCD):    2.542ns
    Clock Pessimism Removal (CPR):    0.109ns
  Clock Uncertainty:      0.154ns  ((TSJ^2 + TIJ^2)^1/2 + DJ) / 2 + PE
    Total System Jitter     (TSJ):    0.071ns
    Total Input Jitter      (TIJ):    0.300ns
    Discrete Jitter          (DJ):    0.000ns
    Phase Error              (PE):    0.000ns

    Location             Delay type                Incr(ns)  Path(ns)    Netlist Resource(s)
  -------------------------------------------------------------------    -------------------
                         (clock clk_fpga_0 rise edge)
                                                      0.000     0.000 r  
    PS7_X0Y0             PS7                          0.000     0.000 r  multi_protocol_bd_i/processing_system7_0/inst/PS7_i/FCLKCLK[0]
                         net (fo=1, routed)           0.994     0.994    multi_protocol_bd_i/processing_system7_0/inst/FCLK_CLK_unbuffered[0]
    BUFGCTRL_X0Y17       BUFG (Prop_bufg_I_O)         0.085     1.079 r  multi_protocol_bd_i/processing_system7_0/inst/buffer_fclk_clk_0.FCLK_CLK_0_BUFG/O
                         net (fo=5396, routed)        1.463     2.542    multi_protocol_bd_i/processing_system7_0/inst/M_AXI_GP0_ACLK
    PS7_X0Y0             PS7                                          r  multi_protocol_bd_i/processing_system7_0/inst/PS7_i/MAXIGP0ACLK
  -------------------------------------------------------------------    -------------------
    PS7_X0Y0             PS7 (Prop_ps7_MAXIGP0ACLK_MAXIGP0WDATA[2])
                                                      1.127     3.669 r  multi_protocol_bd_i/processing_system7_0/inst/PS7_i/MAXIGP0WDATA[2]
                         net (fo=6, routed)           1.328     4.998    multi_protocol_bd_i/multi_protocol_core_0/inst/s_axi_wdata[2]
    SLICE_X41Y90         LUT3 (Prop_lut3_I2_O)        0.119     5.117 r  multi_protocol_bd_i/multi_protocol_core_0/inst/led_ctrl_reg[2]_i_1/O
                         net (fo=7, routed)           0.377     5.494    multi_protocol_bd_i/multi_protocol_core_0/inst/p_0_in13_in
    SLICE_X42Y89         LUT6 (Prop_lut6_I0_O)        0.275     5.769 r  multi_protocol_bd_i/multi_protocol_core_0/inst/virtual_evt_data[127]_i_6/O
                         net (fo=2, routed)           0.837     6.606    multi_protocol_bd_i/multi_protocol_core_0/inst/virtual_evt_data[127]_i_6_n_0
    SLICE_X44Y88         LUT6 (Prop_lut6_I5_O)        0.105     6.711 r  multi_protocol_bd_i/multi_protocol_core_0/inst/virtual_evt_data[127]_i_2/O
                         net (fo=2, routed)           0.386     7.097    multi_protocol_bd_i/multi_protocol_core_0/inst/event_arbiter/virtual_evt_trigger_reg_0
    SLICE_X43Y85         LUT3 (Prop_lut3_I2_O)        0.105     7.202 r  multi_protocol_bd_i/multi_protocol_core_0/inst/event_arbiter/virtual_evt_data[127]_i_1/O
                         net (fo=92, routed)          1.049     8.250    multi_protocol_bd_i/multi_protocol_core_0/inst/virtual_evt_valid7_out
    SLICE_X57Y89         FDRE                                         r  multi_protocol_bd_i/multi_protocol_core_0/inst/virtual_evt_data_reg[75]/CE
  -------------------------------------------------------------------    -------------------

                         (clock clk_fpga_0 rise edge)
                                                     10.000    10.000 r  
    PS7_X0Y0             PS7                          0.000    10.000 r  multi_protocol_bd_i/processing_system7_0/inst/PS7_i/FCLKCLK[0]
                         net (fo=1, routed)           0.905    10.906    multi_protocol_bd_i/processing_system7_0/inst/FCLK_CLK_unbuffered[0]
    BUFGCTRL_X0Y17       BUFG (Prop_bufg_I_O)         0.077    10.983 r  multi_protocol_bd_i/processing_system7_0/inst/buffer_fclk_clk_0.FCLK_CLK_0_BUFG/O
                         net (fo=5396, routed)        1.283    12.266    multi_protocol_bd_i/multi_protocol_core_0/inst/s_axi_aclk
    SLICE_X57Y89         FDRE                                         r  multi_protocol_bd_i/multi_protocol_core_0/inst/virtual_evt_data_reg[75]/C
                         clock pessimism              0.109    12.374    
                         clock uncertainty           -0.154    12.220    
    SLICE_X57Y89         FDRE (Setup_fdre_C_CE)      -0.168    12.052    multi_protocol_bd_i/multi_protocol_core_0/inst/virtual_evt_data_reg[75]
  -------------------------------------------------------------------
                         required time                         12.052    
                         arrival time                          -8.250    
  -------------------------------------------------------------------
                         slack                                  3.802    

Slack (MET) :             3.802ns  (required time - arrival time)
  Source:                 multi_protocol_bd_i/processing_system7_0/inst/PS7_i/MAXIGP0ACLK
                            (rising edge-triggered cell PS7 clocked by clk_fpga_0  {rise@0.000ns fall@5.000ns period=10.000ns})
  Destination:            multi_protocol_bd_i/multi_protocol_core_0/inst/virtual_evt_data_reg[79]/CE
                            (rising edge-triggered cell FDRE clocked by clk_fpga_0  {rise@0.000ns fall@5.000ns period=10.000ns})
  Path Group:             clk_fpga_0
  Path Type:              Setup (Max at Slow Process Corner)
  Requirement:            10.000ns  (clk_fpga_0 rise@10.000ns - clk_fpga_0 rise@0.000ns)
  Data Path Delay:        5.708ns  (logic 1.731ns (30.326%)  route 3.977ns (69.674%))
  Logic Levels:           4  (LUT3=2 LUT6=2)
  Clock Path Skew:        -0.168ns (DCD - SCD + CPR)
    Destination Clock Delay (DCD):    2.266ns = ( 12.266 - 10.000 ) 
    Source Clock Delay      (SCD):    2.542ns
    Clock Pessimism Removal (CPR):    0.109ns
  Clock Uncertainty:      0.154ns  ((TSJ^2 + TIJ^2)^1/2 + DJ) / 2 + PE
    Total System Jitter     (TSJ):    0.071ns
    Total Input Jitter      (TIJ):    0.300ns
    Discrete Jitter          (DJ):    0.000ns
    Phase Error              (PE):    0.000ns

    Location             Delay type                Incr(ns)  Path(ns)    Netlist Resource(s)
  -------------------------------------------------------------------    -------------------
                         (clock clk_fpga_0 rise edge)
                                                      0.000     0.000 r  
    PS7_X0Y0             PS7                          0.000     0.000 r  multi_protocol_bd_i/processing_system7_0/inst/PS7_i/FCLKCLK[0]
                         net (fo=1, routed)           0.994     0.994    multi_protocol_bd_i/processing_system7_0/inst/FCLK_CLK_unbuffered[0]
    BUFGCTRL_X0Y17       BUFG (Prop_bufg_I_O)         0.085     1.079 r  multi_protocol_bd_i/processing_system7_0/inst/buffer_fclk_clk_0.FCLK_CLK_0_BUFG/O
                         net (fo=5396, routed)        1.463     2.542    multi_protocol_bd_i/processing_system7_0/inst/M_AXI_GP0_ACLK
    PS7_X0Y0             PS7                                          r  multi_protocol_bd_i/processing_system7_0/inst/PS7_i/MAXIGP0ACLK
  -------------------------------------------------------------------    -------------------
    PS7_X0Y0             PS7 (Prop_ps7_MAXIGP0ACLK_MAXIGP0WDATA[2])
                                                      1.127     3.669 r  multi_protocol_bd_i/processing_system7_0/inst/PS7_i/MAXIGP0WDATA[2]
                         net (fo=6, routed)           1.328     4.998    multi_protocol_bd_i/multi_protocol_core_0/inst/s_axi_wdata[2]
    SLICE_X41Y90         LUT3 (Prop_lut3_I2_O)        0.119     5.117 r  multi_protocol_bd_i/multi_protocol_core_0/inst/led_ctrl_reg[2]_i_1/O
                         net (fo=7, routed)           0.377     5.494    multi_protocol_bd_i/multi_protocol_core_0/inst/p_0_in13_in
    SLICE_X42Y89         LUT6 (Prop_lut6_I0_O)        0.275     5.769 r  multi_protocol_bd_i/multi_protocol_core_0/inst/virtual_evt_data[127]_i_6/O
                         net (fo=2, routed)           0.837     6.606    multi_protocol_bd_i/multi_protocol_core_0/inst/virtual_evt_data[127]_i_6_n_0
    SLICE_X44Y88         LUT6 (Prop_lut6_I5_O)        0.105     6.711 r  multi_protocol_bd_i/multi_protocol_core_0/inst/virtual_evt_data[127]_i_2/O
                         net (fo=2, routed)           0.386     7.097    multi_protocol_bd_i/multi_protocol_core_0/inst/event_arbiter/virtual_evt_trigger_reg_0
    SLICE_X43Y85         LUT3 (Prop_lut3_I2_O)        0.105     7.202 r  multi_protocol_bd_i/multi_protocol_core_0/inst/event_arbiter/virtual_evt_data[127]_i_1/O
                         net (fo=92, routed)          1.049     8.250    multi_protocol_bd_i/multi_protocol_core_0/inst/virtual_evt_valid7_out
    SLICE_X57Y89         FDRE                                         r  multi_protocol_bd_i/multi_protocol_core_0/inst/virtual_evt_data_reg[79]/CE
  -------------------------------------------------------------------    -------------------

                         (clock clk_fpga_0 rise edge)
                                                     10.000    10.000 r  
    PS7_X0Y0             PS7                          0.000    10.000 r  multi_protocol_bd_i/processing_system7_0/inst/PS7_i/FCLKCLK[0]
                         net (fo=1, routed)           0.905    10.906    multi_protocol_bd_i/processing_system7_0/inst/FCLK_CLK_unbuffered[0]
    BUFGCTRL_X0Y17       BUFG (Prop_bufg_I_O)         0.077    10.983 r  multi_protocol_bd_i/processing_system7_0/inst/buffer_fclk_clk_0.FCLK_CLK_0_BUFG/O
                         net (fo=5396, routed)        1.283    12.266    multi_protocol_bd_i/multi_protocol_core_0/inst/s_axi_aclk
    SLICE_X57Y89         FDRE                                         r  multi_protocol_bd_i/multi_protocol_core_0/inst/virtual_evt_data_reg[79]/C
                         clock pessimism              0.109    12.374    
                         clock uncertainty           -0.154    12.220    
    SLICE_X57Y89         FDRE (Setup_fdre_C_CE)      -0.168    12.052    multi_protocol_bd_i/multi_protocol_core_0/inst/virtual_evt_data_reg[79]
  -------------------------------------------------------------------
                         required time                         12.052    
                         arrival time                          -8.250    
  -------------------------------------------------------------------
                         slack                                  3.802    

Slack (MET) :             3.802ns  (required time - arrival time)
  Source:                 multi_protocol_bd_i/processing_system7_0/inst/PS7_i/MAXIGP0ACLK
                            (rising edge-triggered cell PS7 clocked by clk_fpga_0  {rise@0.000ns fall@5.000ns period=10.000ns})
  Destination:            multi_protocol_bd_i/multi_protocol_core_0/inst/virtual_evt_data_reg[81]/CE
                            (rising edge-triggered cell FDRE clocked by clk_fpga_0  {rise@0.000ns fall@5.000ns period=10.000ns})
  Path Group:             clk_fpga_0
  Path Type:              Setup (Max at Slow Process Corner)
  Requirement:            10.000ns  (clk_fpga_0 rise@10.000ns - clk_fpga_0 rise@0.000ns)
  Data Path Delay:        5.708ns  (logic 1.731ns (30.326%)  route 3.977ns (69.674%))
  Logic Levels:           4  (LUT3=2 LUT6=2)
  Clock Path Skew:        -0.168ns (DCD - SCD + CPR)
    Destination Clock Delay (DCD):    2.266ns = ( 12.266 - 10.000 ) 
    Source Clock Delay      (SCD):    2.542ns
    Clock Pessimism Removal (CPR):    0.109ns
  Clock Uncertainty:      0.154ns  ((TSJ^2 + TIJ^2)^1/2 + DJ) / 2 + PE
    Total System Jitter     (TSJ):    0.071ns
    Total Input Jitter      (TIJ):    0.300ns
    Discrete Jitter          (DJ):    0.000ns
    Phase Error              (PE):    0.000ns

    Location             Delay type                Incr(ns)  Path(ns)    Netlist Resource(s)
  -------------------------------------------------------------------    -------------------
                         (clock clk_fpga_0 rise edge)
                                                      0.000     0.000 r  
    PS7_X0Y0             PS7                          0.000     0.000 r  multi_protocol_bd_i/processing_system7_0/inst/PS7_i/FCLKCLK[0]
                         net (fo=1, routed)           0.994     0.994    multi_protocol_bd_i/processing_system7_0/inst/FCLK_CLK_unbuffered[0]
    BUFGCTRL_X0Y17       BUFG (Prop_bufg_I_O)         0.085     1.079 r  multi_protocol_bd_i/processing_system7_0/inst/buffer_fclk_clk_0.FCLK_CLK_0_BUFG/O
                         net (fo=5396, routed)        1.463     2.542    multi_protocol_bd_i/processing_system7_0/inst/M_AXI_GP0_ACLK
    PS7_X0Y0             PS7                                          r  multi_protocol_bd_i/processing_system7_0/inst/PS7_i/MAXIGP0ACLK
  -------------------------------------------------------------------    -------------------
    PS7_X0Y0             PS7 (Prop_ps7_MAXIGP0ACLK_MAXIGP0WDATA[2])
                                                      1.127     3.669 r  multi_protocol_bd_i/processing_system7_0/inst/PS7_i/MAXIGP0WDATA[2]
                         net (fo=6, routed)           1.328     4.998    multi_protocol_bd_i/multi_protocol_core_0/inst/s_axi_wdata[2]
    SLICE_X41Y90         LUT3 (Prop_lut3_I2_O)        0.119     5.117 r  multi_protocol_bd_i/multi_protocol_core_0/inst/led_ctrl_reg[2]_i_1/O
                         net (fo=7, routed)           0.377     5.494    multi_protocol_bd_i/multi_protocol_core_0/inst/p_0_in13_in
    SLICE_X42Y89         LUT6 (Prop_lut6_I0_O)        0.275     5.769 r  multi_protocol_bd_i/multi_protocol_core_0/inst/virtual_evt_data[127]_i_6/O
                         net (fo=2, routed)           0.837     6.606    multi_protocol_bd_i/multi_protocol_core_0/inst/virtual_evt_data[127]_i_6_n_0
    SLICE_X44Y88         LUT6 (Prop_lut6_I5_O)        0.105     6.711 r  multi_protocol_bd_i/multi_protocol_core_0/inst/virtual_evt_data[127]_i_2/O
                         net (fo=2, routed)           0.386     7.097    multi_protocol_bd_i/multi_protocol_core_0/inst/event_arbiter/virtual_evt_trigger_reg_0
    SLICE_X43Y85         LUT3 (Prop_lut3_I2_O)        0.105     7.202 r  multi_protocol_bd_i/multi_protocol_core_0/inst/event_arbiter/virtual_evt_data[127]_i_1/O
                         net (fo=92, routed)          1.049     8.250    multi_protocol_bd_i/multi_protocol_core_0/inst/virtual_evt_valid7_out
    SLICE_X57Y89         FDRE                                         r  multi_protocol_bd_i/multi_protocol_core_0/inst/virtual_evt_data_reg[81]/CE
  -------------------------------------------------------------------    -------------------

                         (clock clk_fpga_0 rise edge)
                                                     10.000    10.000 r  
    PS7_X0Y0             PS7                          0.000    10.000 r  multi_protocol_bd_i/processing_system7_0/inst/PS7_i/FCLKCLK[0]
                         net (fo=1, routed)           0.905    10.906    multi_protocol_bd_i/processing_system7_0/inst/FCLK_CLK_unbuffered[0]
    BUFGCTRL_X0Y17       BUFG (Prop_bufg_I_O)         0.077    10.983 r  multi_protocol_bd_i/processing_system7_0/inst/buffer_fclk_clk_0.FCLK_CLK_0_BUFG/O
                         net (fo=5396, routed)        1.283    12.266    multi_protocol_bd_i/multi_protocol_core_0/inst/s_axi_aclk
    SLICE_X57Y89         FDRE                                         r  multi_protocol_bd_i/multi_protocol_core_0/inst/virtual_evt_data_reg[81]/C
                         clock pessimism              0.109    12.374    
                         clock uncertainty           -0.154    12.220    
    SLICE_X57Y89         FDRE (Setup_fdre_C_CE)      -0.168    12.052    multi_protocol_bd_i/multi_protocol_core_0/inst/virtual_evt_data_reg[81]
  -------------------------------------------------------------------
                         required time                         12.052    
                         arrival time                          -8.250    
  -------------------------------------------------------------------
                         slack                                  3.802    

Slack (MET) :             3.802ns  (required time - arrival time)
  Source:                 multi_protocol_bd_i/processing_system7_0/inst/PS7_i/MAXIGP0ACLK
                            (rising edge-triggered cell PS7 clocked by clk_fpga_0  {rise@0.000ns fall@5.000ns period=10.000ns})
  Destination:            multi_protocol_bd_i/multi_protocol_core_0/inst/virtual_evt_data_reg[83]/CE
                            (rising edge-triggered cell FDRE clocked by clk_fpga_0  {rise@0.000ns fall@5.000ns period=10.000ns})
  Path Group:             clk_fpga_0
  Path Type:              Setup (Max at Slow Process Corner)
  Requirement:            10.000ns  (clk_fpga_0 rise@10.000ns - clk_fpga_0 rise@0.000ns)
  Data Path Delay:        5.708ns  (logic 1.731ns (30.326%)  route 3.977ns (69.674%))
  Logic Levels:           4  (LUT3=2 LUT6=2)
  Clock Path Skew:        -0.168ns (DCD - SCD + CPR)
    Destination Clock Delay (DCD):    2.266ns = ( 12.266 - 10.000 ) 
    Source Clock Delay      (SCD):    2.542ns
    Clock Pessimism Removal (CPR):    0.109ns
  Clock Uncertainty:      0.154ns  ((TSJ^2 + TIJ^2)^1/2 + DJ) / 2 + PE
    Total System Jitter     (TSJ):    0.071ns
    Total Input Jitter      (TIJ):    0.300ns
    Discrete Jitter          (DJ):    0.000ns
    Phase Error              (PE):    0.000ns

    Location             Delay type                Incr(ns)  Path(ns)    Netlist Resource(s)
  -------------------------------------------------------------------    -------------------
                         (clock clk_fpga_0 rise edge)
                                                      0.000     0.000 r  
    PS7_X0Y0             PS7                          0.000     0.000 r  multi_protocol_bd_i/processing_system7_0/inst/PS7_i/FCLKCLK[0]
                         net (fo=1, routed)           0.994     0.994    multi_protocol_bd_i/processing_system7_0/inst/FCLK_CLK_unbuffered[0]
    BUFGCTRL_X0Y17       BUFG (Prop_bufg_I_O)         0.085     1.079 r  multi_protocol_bd_i/processing_system7_0/inst/buffer_fclk_clk_0.FCLK_CLK_0_BUFG/O
                         net (fo=5396, routed)        1.463     2.542    multi_protocol_bd_i/processing_system7_0/inst/M_AXI_GP0_ACLK
    PS7_X0Y0             PS7                                          r  multi_protocol_bd_i/processing_system7_0/inst/PS7_i/MAXIGP0ACLK
  -------------------------------------------------------------------    -------------------
    PS7_X0Y0             PS7 (Prop_ps7_MAXIGP0ACLK_MAXIGP0WDATA[2])
                                                      1.127     3.669 r  multi_protocol_bd_i/processing_system7_0/inst/PS7_i/MAXIGP0WDATA[2]
                         net (fo=6, routed)           1.328     4.998    multi_protocol_bd_i/multi_protocol_core_0/inst/s_axi_wdata[2]
    SLICE_X41Y90         LUT3 (Prop_lut3_I2_O)        0.119     5.117 r  multi_protocol_bd_i/multi_protocol_core_0/inst/led_ctrl_reg[2]_i_1/O
                         net (fo=7, routed)           0.377     5.494    multi_protocol_bd_i/multi_protocol_core_0/inst/p_0_in13_in
    SLICE_X42Y89         LUT6 (Prop_lut6_I0_O)        0.275     5.769 r  multi_protocol_bd_i/multi_protocol_core_0/inst/virtual_evt_data[127]_i_6/O
                         net (fo=2, routed)           0.837     6.606    multi_protocol_bd_i/multi_protocol_core_0/inst/virtual_evt_data[127]_i_6_n_0
    SLICE_X44Y88         LUT6 (Prop_lut6_I5_O)        0.105     6.711 r  multi_protocol_bd_i/multi_protocol_core_0/inst/virtual_evt_data[127]_i_2/O
                         net (fo=2, routed)           0.386     7.097    multi_protocol_bd_i/multi_protocol_core_0/inst/event_arbiter/virtual_evt_trigger_reg_0
    SLICE_X43Y85         LUT3 (Prop_lut3_I2_O)        0.105     7.202 r  multi_protocol_bd_i/multi_protocol_core_0/inst/event_arbiter/virtual_evt_data[127]_i_1/O
                         net (fo=92, routed)          1.049     8.250    multi_protocol_bd_i/multi_protocol_core_0/inst/virtual_evt_valid7_out
    SLICE_X57Y89         FDRE                                         r  multi_protocol_bd_i/multi_protocol_core_0/inst/virtual_evt_data_reg[83]/CE
  -------------------------------------------------------------------    -------------------

                         (clock clk_fpga_0 rise edge)
                                                     10.000    10.000 r  
    PS7_X0Y0             PS7                          0.000    10.000 r  multi_protocol_bd_i/processing_system7_0/inst/PS7_i/FCLKCLK[0]
                         net (fo=1, routed)           0.905    10.906    multi_protocol_bd_i/processing_system7_0/inst/FCLK_CLK_unbuffered[0]
    BUFGCTRL_X0Y17       BUFG (Prop_bufg_I_O)         0.077    10.983 r  multi_protocol_bd_i/processing_system7_0/inst/buffer_fclk_clk_0.FCLK_CLK_0_BUFG/O
                         net (fo=5396, routed)        1.283    12.266    multi_protocol_bd_i/multi_protocol_core_0/inst/s_axi_aclk
    SLICE_X57Y89         FDRE                                         r  multi_protocol_bd_i/multi_protocol_core_0/inst/virtual_evt_data_reg[83]/C
                         clock pessimism              0.109    12.374    
                         clock uncertainty           -0.154    12.220    
    SLICE_X57Y89         FDRE (Setup_fdre_C_CE)      -0.168    12.052    multi_protocol_bd_i/multi_protocol_core_0/inst/virtual_evt_data_reg[83]
  -------------------------------------------------------------------
                         required time                         12.052    
                         arrival time                          -8.250    
  -------------------------------------------------------------------
                         slack                                  3.802    

Slack (MET) :             3.802ns  (required time - arrival time)
  Source:                 multi_protocol_bd_i/processing_system7_0/inst/PS7_i/MAXIGP0ACLK
                            (rising edge-triggered cell PS7 clocked by clk_fpga_0  {rise@0.000ns fall@5.000ns period=10.000ns})
  Destination:            multi_protocol_bd_i/multi_protocol_core_0/inst/virtual_evt_data_reg[87]/CE
                            (rising edge-triggered cell FDRE clocked by clk_fpga_0  {rise@0.000ns fall@5.000ns period=10.000ns})
  Path Group:             clk_fpga_0
  Path Type:              Setup (Max at Slow Process Corner)
  Requirement:            10.000ns  (clk_fpga_0 rise@10.000ns - clk_fpga_0 rise@0.000ns)
  Data Path Delay:        5.708ns  (logic 1.731ns (30.326%)  route 3.977ns (69.674%))
  Logic Levels:           4  (LUT3=2 LUT6=2)
  Clock Path Skew:        -0.168ns (DCD - SCD + CPR)
    Destination Clock Delay (DCD):    2.266ns = ( 12.266 - 10.000 ) 
    Source Clock Delay      (SCD):    2.542ns
    Clock Pessimism Removal (CPR):    0.109ns
  Clock Uncertainty:      0.154ns  ((TSJ^2 + TIJ^2)^1/2 + DJ) / 2 + PE
    Total System Jitter     (TSJ):    0.071ns
    Total Input Jitter      (TIJ):    0.300ns
    Discrete Jitter          (DJ):    0.000ns
    Phase Error              (PE):    0.000ns

    Location             Delay type                Incr(ns)  Path(ns)    Netlist Resource(s)
  -------------------------------------------------------------------    -------------------
                         (clock clk_fpga_0 rise edge)
                                                      0.000     0.000 r  
    PS7_X0Y0             PS7                          0.000     0.000 r  multi_protocol_bd_i/processing_system7_0/inst/PS7_i/FCLKCLK[0]
                         net (fo=1, routed)           0.994     0.994    multi_protocol_bd_i/processing_system7_0/inst/FCLK_CLK_unbuffered[0]
    BUFGCTRL_X0Y17       BUFG (Prop_bufg_I_O)         0.085     1.079 r  multi_protocol_bd_i/processing_system7_0/inst/buffer_fclk_clk_0.FCLK_CLK_0_BUFG/O
                         net (fo=5396, routed)        1.463     2.542    multi_protocol_bd_i/processing_system7_0/inst/M_AXI_GP0_ACLK
    PS7_X0Y0             PS7                                          r  multi_protocol_bd_i/processing_system7_0/inst/PS7_i/MAXIGP0ACLK
  -------------------------------------------------------------------    -------------------
    PS7_X0Y0             PS7 (Prop_ps7_MAXIGP0ACLK_MAXIGP0WDATA[2])
                                                      1.127     3.669 r  multi_protocol_bd_i/processing_system7_0/inst/PS7_i/MAXIGP0WDATA[2]
                         net (fo=6, routed)           1.328     4.998    multi_protocol_bd_i/multi_protocol_core_0/inst/s_axi_wdata[2]
    SLICE_X41Y90         LUT3 (Prop_lut3_I2_O)        0.119     5.117 r  multi_protocol_bd_i/multi_protocol_core_0/inst/led_ctrl_reg[2]_i_1/O
                         net (fo=7, routed)           0.377     5.494    multi_protocol_bd_i/multi_protocol_core_0/inst/p_0_in13_in
    SLICE_X42Y89         LUT6 (Prop_lut6_I0_O)        0.275     5.769 r  multi_protocol_bd_i/multi_protocol_core_0/inst/virtual_evt_data[127]_i_6/O
                         net (fo=2, routed)           0.837     6.606    multi_protocol_bd_i/multi_protocol_core_0/inst/virtual_evt_data[127]_i_6_n_0
    SLICE_X44Y88         LUT6 (Prop_lut6_I5_O)        0.105     6.711 r  multi_protocol_bd_i/multi_protocol_core_0/inst/virtual_evt_data[127]_i_2/O
                         net (fo=2, routed)           0.386     7.097    multi_protocol_bd_i/multi_protocol_core_0/inst/event_arbiter/virtual_evt_trigger_reg_0
    SLICE_X43Y85         LUT3 (Prop_lut3_I2_O)        0.105     7.202 r  multi_protocol_bd_i/multi_protocol_core_0/inst/event_arbiter/virtual_evt_data[127]_i_1/O
                         net (fo=92, routed)          1.049     8.250    multi_protocol_bd_i/multi_protocol_core_0/inst/virtual_evt_valid7_out
    SLICE_X57Y89         FDRE                                         r  multi_protocol_bd_i/multi_protocol_core_0/inst/virtual_evt_data_reg[87]/CE
  -------------------------------------------------------------------    -------------------

                         (clock clk_fpga_0 rise edge)
                                                     10.000    10.000 r  
    PS7_X0Y0             PS7                          0.000    10.000 r  multi_protocol_bd_i/processing_system7_0/inst/PS7_i/FCLKCLK[0]
                         net (fo=1, routed)           0.905    10.906    multi_protocol_bd_i/processing_system7_0/inst/FCLK_CLK_unbuffered[0]
    BUFGCTRL_X0Y17       BUFG (Prop_bufg_I_O)         0.077    10.983 r  multi_protocol_bd_i/processing_system7_0/inst/buffer_fclk_clk_0.FCLK_CLK_0_BUFG/O
                         net (fo=5396, routed)        1.283    12.266    multi_protocol_bd_i/multi_protocol_core_0/inst/s_axi_aclk
    SLICE_X57Y89         FDRE                                         r  multi_protocol_bd_i/multi_protocol_core_0/inst/virtual_evt_data_reg[87]/C
                         clock pessimism              0.109    12.374    
                         clock uncertainty           -0.154    12.220    
    SLICE_X57Y89         FDRE (Setup_fdre_C_CE)      -0.168    12.052    multi_protocol_bd_i/multi_protocol_core_0/inst/virtual_evt_data_reg[87]
  -------------------------------------------------------------------
                         required time                         12.052    
                         arrival time                          -8.250    
  -------------------------------------------------------------------
                         slack                                  3.802    

Slack (MET) :             3.802ns  (required time - arrival time)
  Source:                 multi_protocol_bd_i/processing_system7_0/inst/PS7_i/MAXIGP0ACLK
                            (rising edge-triggered cell PS7 clocked by clk_fpga_0  {rise@0.000ns fall@5.000ns period=10.000ns})
  Destination:            multi_protocol_bd_i/multi_protocol_core_0/inst/virtual_evt_data_reg[97]/CE
                            (rising edge-triggered cell FDRE clocked by clk_fpga_0  {rise@0.000ns fall@5.000ns period=10.000ns})
  Path Group:             clk_fpga_0
  Path Type:              Setup (Max at Slow Process Corner)
  Requirement:            10.000ns  (clk_fpga_0 rise@10.000ns - clk_fpga_0 rise@0.000ns)
  Data Path Delay:        5.708ns  (logic 1.731ns (30.326%)  route 3.977ns (69.674%))
  Logic Levels:           4  (LUT3=2 LUT6=2)
  Clock Path Skew:        -0.168ns (DCD - SCD + CPR)
    Destination Clock Delay (DCD):    2.266ns = ( 12.266 - 10.000 ) 
    Source Clock Delay      (SCD):    2.542ns
    Clock Pessimism Removal (CPR):    0.109ns
  Clock Uncertainty:      0.154ns  ((TSJ^2 + TIJ^2)^1/2 + DJ) / 2 + PE
    Total System Jitter     (TSJ):    0.071ns
    Total Input Jitter      (TIJ):    0.300ns
    Discrete Jitter          (DJ):    0.000ns
    Phase Error              (PE):    0.000ns

    Location             Delay type                Incr(ns)  Path(ns)    Netlist Resource(s)
  -------------------------------------------------------------------    -------------------
                         (clock clk_fpga_0 rise edge)
                                                      0.000     0.000 r  
    PS7_X0Y0             PS7                          0.000     0.000 r  multi_protocol_bd_i/processing_system7_0/inst/PS7_i/FCLKCLK[0]
                         net (fo=1, routed)           0.994     0.994    multi_protocol_bd_i/processing_system7_0/inst/FCLK_CLK_unbuffered[0]
    BUFGCTRL_X0Y17       BUFG (Prop_bufg_I_O)         0.085     1.079 r  multi_protocol_bd_i/processing_system7_0/inst/buffer_fclk_clk_0.FCLK_CLK_0_BUFG/O
                         net (fo=5396, routed)        1.463     2.542    multi_protocol_bd_i/processing_system7_0/inst/M_AXI_GP0_ACLK
    PS7_X0Y0             PS7                                          r  multi_protocol_bd_i/processing_system7_0/inst/PS7_i/MAXIGP0ACLK
  -------------------------------------------------------------------    -------------------
    PS7_X0Y0             PS7 (Prop_ps7_MAXIGP0ACLK_MAXIGP0WDATA[2])
                                                      1.127     3.669 r  multi_protocol_bd_i/processing_system7_0/inst/PS7_i/MAXIGP0WDATA[2]
                         net (fo=6, routed)           1.328     4.998    multi_protocol_bd_i/multi_protocol_core_0/inst/s_axi_wdata[2]
    SLICE_X41Y90         LUT3 (Prop_lut3_I2_O)        0.119     5.117 r  multi_protocol_bd_i/multi_protocol_core_0/inst/led_ctrl_reg[2]_i_1/O
                         net (fo=7, routed)           0.377     5.494    multi_protocol_bd_i/multi_protocol_core_0/inst/p_0_in13_in
    SLICE_X42Y89         LUT6 (Prop_lut6_I0_O)        0.275     5.769 r  multi_protocol_bd_i/multi_protocol_core_0/inst/virtual_evt_data[127]_i_6/O
                         net (fo=2, routed)           0.837     6.606    multi_protocol_bd_i/multi_protocol_core_0/inst/virtual_evt_data[127]_i_6_n_0
    SLICE_X44Y88         LUT6 (Prop_lut6_I5_O)        0.105     6.711 r  multi_protocol_bd_i/multi_protocol_core_0/inst/virtual_evt_data[127]_i_2/O
                         net (fo=2, routed)           0.386     7.097    multi_protocol_bd_i/multi_protocol_core_0/inst/event_arbiter/virtual_evt_trigger_reg_0
    SLICE_X43Y85         LUT3 (Prop_lut3_I2_O)        0.105     7.202 r  multi_protocol_bd_i/multi_protocol_core_0/inst/event_arbiter/virtual_evt_data[127]_i_1/O
                         net (fo=92, routed)          1.049     8.250    multi_protocol_bd_i/multi_protocol_core_0/inst/virtual_evt_valid7_out
    SLICE_X57Y89         FDRE                                         r  multi_protocol_bd_i/multi_protocol_core_0/inst/virtual_evt_data_reg[97]/CE
  -------------------------------------------------------------------    -------------------

                         (clock clk_fpga_0 rise edge)
                                                     10.000    10.000 r  
    PS7_X0Y0             PS7                          0.000    10.000 r  multi_protocol_bd_i/processing_system7_0/inst/PS7_i/FCLKCLK[0]
                         net (fo=1, routed)           0.905    10.906    multi_protocol_bd_i/processing_system7_0/inst/FCLK_CLK_unbuffered[0]
    BUFGCTRL_X0Y17       BUFG (Prop_bufg_I_O)         0.077    10.983 r  multi_protocol_bd_i/processing_system7_0/inst/buffer_fclk_clk_0.FCLK_CLK_0_BUFG/O
                         net (fo=5396, routed)        1.283    12.266    multi_protocol_bd_i/multi_protocol_core_0/inst/s_axi_aclk
    SLICE_X57Y89         FDRE                                         r  multi_protocol_bd_i/multi_protocol_core_0/inst/virtual_evt_data_reg[97]/C
                         clock pessimism              0.109    12.374    
                         clock uncertainty           -0.154    12.220    
    SLICE_X57Y89         FDRE (Setup_fdre_C_CE)      -0.168    12.052    multi_protocol_bd_i/multi_protocol_core_0/inst/virtual_evt_data_reg[97]
  -------------------------------------------------------------------
                         required time                         12.052    
                         arrival time                          -8.250    
  -------------------------------------------------------------------
                         slack                                  3.802    

Slack (MET) :             3.839ns  (required time - arrival time)
  Source:                 multi_protocol_bd_i/processing_system7_0/inst/PS7_i/MAXIGP0ACLK
                            (rising edge-triggered cell PS7 clocked by clk_fpga_0  {rise@0.000ns fall@5.000ns period=10.000ns})
  Destination:            multi_protocol_bd_i/multi_protocol_core_0/inst/virtual_evt_data_reg[64]/CE
                            (rising edge-triggered cell FDRE clocked by clk_fpga_0  {rise@0.000ns fall@5.000ns period=10.000ns})
  Path Group:             clk_fpga_0
  Path Type:              Setup (Max at Slow Process Corner)
  Requirement:            10.000ns  (clk_fpga_0 rise@10.000ns - clk_fpga_0 rise@0.000ns)
  Data Path Delay:        5.666ns  (logic 1.731ns (30.552%)  route 3.935ns (69.448%))
  Logic Levels:           4  (LUT3=2 LUT6=2)
  Clock Path Skew:        -0.173ns (DCD - SCD + CPR)
    Destination Clock Delay (DCD):    2.261ns = ( 12.261 - 10.000 ) 
    Source Clock Delay      (SCD):    2.542ns
    Clock Pessimism Removal (CPR):    0.109ns
  Clock Uncertainty:      0.154ns  ((TSJ^2 + TIJ^2)^1/2 + DJ) / 2 + PE
    Total System Jitter     (TSJ):    0.071ns
    Total Input Jitter      (TIJ):    0.300ns
    Discrete Jitter          (DJ):    0.000ns
    Phase Error              (PE):    0.000ns

    Location             Delay type                Incr(ns)  Path(ns)    Netlist Resource(s)
  -------------------------------------------------------------------    -------------------
                         (clock clk_fpga_0 rise edge)
                                                      0.000     0.000 r  
    PS7_X0Y0             PS7                          0.000     0.000 r  multi_protocol_bd_i/processing_system7_0/inst/PS7_i/FCLKCLK[0]
                         net (fo=1, routed)           0.994     0.994    multi_protocol_bd_i/processing_system7_0/inst/FCLK_CLK_unbuffered[0]
    BUFGCTRL_X0Y17       BUFG (Prop_bufg_I_O)         0.085     1.079 r  multi_protocol_bd_i/processing_system7_0/inst/buffer_fclk_clk_0.FCLK_CLK_0_BUFG/O
                         net (fo=5396, routed)        1.463     2.542    multi_protocol_bd_i/processing_system7_0/inst/M_AXI_GP0_ACLK
    PS7_X0Y0             PS7                                          r  multi_protocol_bd_i/processing_system7_0/inst/PS7_i/MAXIGP0ACLK
  -------------------------------------------------------------------    -------------------
    PS7_X0Y0             PS7 (Prop_ps7_MAXIGP0ACLK_MAXIGP0WDATA[2])
                                                      1.127     3.669 r  multi_protocol_bd_i/processing_system7_0/inst/PS7_i/MAXIGP0WDATA[2]
                         net (fo=6, routed)           1.328     4.998    multi_protocol_bd_i/multi_protocol_core_0/inst/s_axi_wdata[2]
    SLICE_X41Y90         LUT3 (Prop_lut3_I2_O)        0.119     5.117 r  multi_protocol_bd_i/multi_protocol_core_0/inst/led_ctrl_reg[2]_i_1/O
                         net (fo=7, routed)           0.377     5.494    multi_protocol_bd_i/multi_protocol_core_0/inst/p_0_in13_in
    SLICE_X42Y89         LUT6 (Prop_lut6_I0_O)        0.275     5.769 r  multi_protocol_bd_i/multi_protocol_core_0/inst/virtual_evt_data[127]_i_6/O
                         net (fo=2, routed)           0.837     6.606    multi_protocol_bd_i/multi_protocol_core_0/inst/virtual_evt_data[127]_i_6_n_0
    SLICE_X44Y88         LUT6 (Prop_lut6_I5_O)        0.105     6.711 r  multi_protocol_bd_i/multi_protocol_core_0/inst/virtual_evt_data[127]_i_2/O
                         net (fo=2, routed)           0.386     7.097    multi_protocol_bd_i/multi_protocol_core_0/inst/event_arbiter/virtual_evt_trigger_reg_0
    SLICE_X43Y85         LUT3 (Prop_lut3_I2_O)        0.105     7.202 r  multi_protocol_bd_i/multi_protocol_core_0/inst/event_arbiter/virtual_evt_data[127]_i_1/O
                         net (fo=92, routed)          1.007     8.208    multi_protocol_bd_i/multi_protocol_core_0/inst/virtual_evt_valid7_out
    SLICE_X57Y82         FDRE                                         r  multi_protocol_bd_i/multi_protocol_core_0/inst/virtual_evt_data_reg[64]/CE
  -------------------------------------------------------------------    -------------------

                         (clock clk_fpga_0 rise edge)
                                                     10.000    10.000 r  
    PS7_X0Y0             PS7                          0.000    10.000 r  multi_protocol_bd_i/processing_system7_0/inst/PS7_i/FCLKCLK[0]
                         net (fo=1, routed)           0.905    10.906    multi_protocol_bd_i/processing_system7_0/inst/FCLK_CLK_unbuffered[0]
    BUFGCTRL_X0Y17       BUFG (Prop_bufg_I_O)         0.077    10.983 r  multi_protocol_bd_i/processing_system7_0/inst/buffer_fclk_clk_0.FCLK_CLK_0_BUFG/O
                         net (fo=5396, routed)        1.278    12.261    multi_protocol_bd_i/multi_protocol_core_0/inst/s_axi_aclk
    SLICE_X57Y82         FDRE                                         r  multi_protocol_bd_i/multi_protocol_core_0/inst/virtual_evt_data_reg[64]/C
                         clock pessimism              0.109    12.369    
                         clock uncertainty           -0.154    12.215    
    SLICE_X57Y82         FDRE (Setup_fdre_C_CE)      -0.168    12.047    multi_protocol_bd_i/multi_protocol_core_0/inst/virtual_evt_data_reg[64]
  -------------------------------------------------------------------
                         required time                         12.047    
                         arrival time                          -8.208    
  -------------------------------------------------------------------
                         slack                                  3.839    

Slack (MET) :             3.839ns  (required time - arrival time)
  Source:                 multi_protocol_bd_i/processing_system7_0/inst/PS7_i/MAXIGP0ACLK
                            (rising edge-triggered cell PS7 clocked by clk_fpga_0  {rise@0.000ns fall@5.000ns period=10.000ns})
  Destination:            multi_protocol_bd_i/multi_protocol_core_0/inst/virtual_evt_data_reg[65]/CE
                            (rising edge-triggered cell FDRE clocked by clk_fpga_0  {rise@0.000ns fall@5.000ns period=10.000ns})
  Path Group:             clk_fpga_0
  Path Type:              Setup (Max at Slow Process Corner)
  Requirement:            10.000ns  (clk_fpga_0 rise@10.000ns - clk_fpga_0 rise@0.000ns)
  Data Path Delay:        5.666ns  (logic 1.731ns (30.552%)  route 3.935ns (69.448%))
  Logic Levels:           4  (LUT3=2 LUT6=2)
  Clock Path Skew:        -0.173ns (DCD - SCD + CPR)
    Destination Clock Delay (DCD):    2.261ns = ( 12.261 - 10.000 ) 
    Source Clock Delay      (SCD):    2.542ns
    Clock Pessimism Removal (CPR):    0.109ns
  Clock Uncertainty:      0.154ns  ((TSJ^2 + TIJ^2)^1/2 + DJ) / 2 + PE
    Total System Jitter     (TSJ):    0.071ns
    Total Input Jitter      (TIJ):    0.300ns
    Discrete Jitter          (DJ):    0.000ns
    Phase Error              (PE):    0.000ns

    Location             Delay type                Incr(ns)  Path(ns)    Netlist Resource(s)
  -------------------------------------------------------------------    -------------------
                         (clock clk_fpga_0 rise edge)
                                                      0.000     0.000 r  
    PS7_X0Y0             PS7                          0.000     0.000 r  multi_protocol_bd_i/processing_system7_0/inst/PS7_i/FCLKCLK[0]
                         net (fo=1, routed)           0.994     0.994    multi_protocol_bd_i/processing_system7_0/inst/FCLK_CLK_unbuffered[0]
    BUFGCTRL_X0Y17       BUFG (Prop_bufg_I_O)         0.085     1.079 r  multi_protocol_bd_i/processing_system7_0/inst/buffer_fclk_clk_0.FCLK_CLK_0_BUFG/O
                         net (fo=5396, routed)        1.463     2.542    multi_protocol_bd_i/processing_system7_0/inst/M_AXI_GP0_ACLK
    PS7_X0Y0             PS7                                          r  multi_protocol_bd_i/processing_system7_0/inst/PS7_i/MAXIGP0ACLK
  -------------------------------------------------------------------    -------------------
    PS7_X0Y0             PS7 (Prop_ps7_MAXIGP0ACLK_MAXIGP0WDATA[2])
                                                      1.127     3.669 r  multi_protocol_bd_i/processing_system7_0/inst/PS7_i/MAXIGP0WDATA[2]
                         net (fo=6, routed)           1.328     4.998    multi_protocol_bd_i/multi_protocol_core_0/inst/s_axi_wdata[2]
    SLICE_X41Y90         LUT3 (Prop_lut3_I2_O)        0.119     5.117 r  multi_protocol_bd_i/multi_protocol_core_0/inst/led_ctrl_reg[2]_i_1/O
                         net (fo=7, routed)           0.377     5.494    multi_protocol_bd_i/multi_protocol_core_0/inst/p_0_in13_in
    SLICE_X42Y89         LUT6 (Prop_lut6_I0_O)        0.275     5.769 r  multi_protocol_bd_i/multi_protocol_core_0/inst/virtual_evt_data[127]_i_6/O
                         net (fo=2, routed)           0.837     6.606    multi_protocol_bd_i/multi_protocol_core_0/inst/virtual_evt_data[127]_i_6_n_0
    SLICE_X44Y88         LUT6 (Prop_lut6_I5_O)        0.105     6.711 r  multi_protocol_bd_i/multi_protocol_core_0/inst/virtual_evt_data[127]_i_2/O
                         net (fo=2, routed)           0.386     7.097    multi_protocol_bd_i/multi_protocol_core_0/inst/event_arbiter/virtual_evt_trigger_reg_0
    SLICE_X43Y85         LUT3 (Prop_lut3_I2_O)        0.105     7.202 r  multi_protocol_bd_i/multi_protocol_core_0/inst/event_arbiter/virtual_evt_data[127]_i_1/O
                         net (fo=92, routed)          1.007     8.208    multi_protocol_bd_i/multi_protocol_core_0/inst/virtual_evt_valid7_out
    SLICE_X57Y82         FDRE                                         r  multi_protocol_bd_i/multi_protocol_core_0/inst/virtual_evt_data_reg[65]/CE
  -------------------------------------------------------------------    -------------------

                         (clock clk_fpga_0 rise edge)
                                                     10.000    10.000 r  
    PS7_X0Y0             PS7                          0.000    10.000 r  multi_protocol_bd_i/processing_system7_0/inst/PS7_i/FCLKCLK[0]
                         net (fo=1, routed)           0.905    10.906    multi_protocol_bd_i/processing_system7_0/inst/FCLK_CLK_unbuffered[0]
    BUFGCTRL_X0Y17       BUFG (Prop_bufg_I_O)         0.077    10.983 r  multi_protocol_bd_i/processing_system7_0/inst/buffer_fclk_clk_0.FCLK_CLK_0_BUFG/O
                         net (fo=5396, routed)        1.278    12.261    multi_protocol_bd_i/multi_protocol_core_0/inst/s_axi_aclk
    SLICE_X57Y82         FDRE                                         r  multi_protocol_bd_i/multi_protocol_core_0/inst/virtual_evt_data_reg[65]/C
                         clock pessimism              0.109    12.369    
                         clock uncertainty           -0.154    12.215    
    SLICE_X57Y82         FDRE (Setup_fdre_C_CE)      -0.168    12.047    multi_protocol_bd_i/multi_protocol_core_0/inst/virtual_evt_data_reg[65]
  -------------------------------------------------------------------
                         required time                         12.047    
                         arrival time                          -8.208    
  -------------------------------------------------------------------
                         slack                                  3.839    





Min Delay Paths
--------------------------------------------------------------------------------------
Slack (MET) :             0.036ns  (arrival time - required time)
  Source:                 multi_protocol_bd_i/axi_smc_0/inst/switchboards/ar_switchboard/inst/gen_mi[0].inst_opipe_payld/gen_pipe[1].pipe_reg[1][126]/C
                            (rising edge-triggered cell FDRE clocked by clk_fpga_0  {rise@0.000ns fall@5.000ns period=10.000ns})
  Destination:            multi_protocol_bd_i/axi_smc_0/inst/m00_nodes/m00_ar_node/inst/inst_mi_handler/gen_normal_area.inst_fifo_node_payld/gen_xpm_memory_fifo.inst_fifo/gen_mem_rep[0].inst_xpm_memory/xpm_memory_base_inst/gen_wr_a.gen_word_narrow.mem_reg_0_31_126_131/RAMA/I
                            (rising edge-triggered cell RAMD32 clocked by clk_fpga_0  {rise@0.000ns fall@5.000ns period=10.000ns})
  Path Group:             clk_fpga_0
  Path Type:              Hold (Min at Fast Process Corner)
  Requirement:            0.000ns  (clk_fpga_0 rise@0.000ns - clk_fpga_0 rise@0.000ns)
  Data Path Delay:        0.196ns  (logic 0.141ns (71.838%)  route 0.055ns (28.162%))
  Logic Levels:           0  
  Clock Path Skew:        0.013ns (DCD - SCD - CPR)
    Destination Clock Delay (DCD):    1.190ns
    Source Clock Delay      (SCD):    0.892ns
    Clock Pessimism Removal (CPR):    0.285ns

    Location             Delay type                Incr(ns)  Path(ns)    Netlist Resource(s)
  -------------------------------------------------------------------    -------------------
                         (clock clk_fpga_0 rise edge)
                                                      0.000     0.000 r  
    PS7_X0Y0             PS7                          0.000     0.000 r  multi_protocol_bd_i/processing_system7_0/inst/PS7_i/FCLKCLK[0]
                         net (fo=1, routed)           0.310     0.310    multi_protocol_bd_i/processing_system7_0/inst/FCLK_CLK_unbuffered[0]
    BUFGCTRL_X0Y17       BUFG (Prop_bufg_I_O)         0.026     0.336 r  multi_protocol_bd_i/processing_system7_0/inst/buffer_fclk_clk_0.FCLK_CLK_0_BUFG/O
                         net (fo=5396, routed)        0.556     0.892    multi_protocol_bd_i/axi_smc_0/inst/switchboards/ar_switchboard/inst/gen_mi[0].inst_opipe_payld/aclk
    SLICE_X37Y53         FDRE                                         r  multi_protocol_bd_i/axi_smc_0/inst/switchboards/ar_switchboard/inst/gen_mi[0].inst_opipe_payld/gen_pipe[1].pipe_reg[1][126]/C
  -------------------------------------------------------------------    -------------------
    SLICE_X37Y53         FDRE (Prop_fdre_C_Q)         0.141     1.033 r  multi_protocol_bd_i/axi_smc_0/inst/switchboards/ar_switchboard/inst/gen_mi[0].inst_opipe_payld/gen_pipe[1].pipe_reg[1][126]/Q
                         net (fo=1, routed)           0.055     1.088    multi_protocol_bd_i/axi_smc_0/inst/m00_nodes/m00_ar_node/inst/inst_mi_handler/gen_normal_area.inst_fifo_node_payld/gen_xpm_memory_fifo.inst_fifo/gen_mem_rep[0].inst_xpm_memory/xpm_memory_base_inst/gen_wr_a.gen_word_narrow.mem_reg_0_31_126_131/DIA0
    SLICE_X36Y53         RAMD32                                       r  multi_protocol_bd_i/axi_smc_0/inst/m00_nodes/m00_ar_node/inst/inst_mi_handler/gen_normal_area.inst_fifo_node_payld/gen_xpm_memory_fifo.inst_fifo/gen_mem_rep[0].inst_xpm_memory/xpm_memory_base_inst/gen_wr_a.gen_word_narrow.mem_reg_0_31_126_131/RAMA/I
  -------------------------------------------------------------------    -------------------

                         (clock clk_fpga_0 rise edge)
                                                      0.000     0.000 r  
    PS7_X0Y0             PS7                          0.000     0.000 r  multi_protocol_bd_i/processing_system7_0/inst/PS7_i/FCLKCLK[0]
                         net (fo=1, routed)           0.337     0.337    multi_protocol_bd_i/processing_system7_0/inst/FCLK_CLK_unbuffered[0]
    BUFGCTRL_X0Y17       BUFG (Prop_bufg_I_O)         0.029     0.366 r  multi_protocol_bd_i/processing_system7_0/inst/buffer_fclk_clk_0.FCLK_CLK_0_BUFG/O
                         net (fo=5396, routed)        0.824     1.190    multi_protocol_bd_i/axi_smc_0/inst/m00_nodes/m00_ar_node/inst/inst_mi_handler/gen_normal_area.inst_fifo_node_payld/gen_xpm_memory_fifo.inst_fifo/gen_mem_rep[0].inst_xpm_memory/xpm_memory_base_inst/gen_wr_a.gen_word_narrow.mem_reg_0_31_126_131/WCLK
    SLICE_X36Y53         RAMD32                                       r  multi_protocol_bd_i/axi_smc_0/inst/m00_nodes/m00_ar_node/inst/inst_mi_handler/gen_normal_area.inst_fifo_node_payld/gen_xpm_memory_fifo.inst_fifo/gen_mem_rep[0].inst_xpm_memory/xpm_memory_base_inst/gen_wr_a.gen_word_narrow.mem_reg_0_31_126_131/RAMA/CLK
                         clock pessimism             -0.285     0.905    
    SLICE_X36Y53         RAMD32 (Hold_ramd32_CLK_I)
                                                      0.147     1.052    multi_protocol_bd_i/axi_smc_0/inst/m00_nodes/m00_ar_node/inst/inst_mi_handler/gen_normal_area.inst_fifo_node_payld/gen_xpm_memory_fifo.inst_fifo/gen_mem_rep[0].inst_xpm_memory/xpm_memory_base_inst/gen_wr_a.gen_word_narrow.mem_reg_0_31_126_131/RAMA
  -------------------------------------------------------------------
                         required time                         -1.052    
                         arrival time                           1.088    
  -------------------------------------------------------------------
                         slack                                  0.036    

Slack (MET) :             0.036ns  (arrival time - required time)
  Source:                 multi_protocol_bd_i/axi_smc_0/inst/switchboards/r_switchboard/inst/gen_mi[0].inst_opipe_payld/gen_pipe[1].pipe_reg[1][60]/C
                            (rising edge-triggered cell FDRE clocked by clk_fpga_0  {rise@0.000ns fall@5.000ns period=10.000ns})
  Destination:            multi_protocol_bd_i/axi_smc_0/inst/s00_nodes/s00_r_node/inst/inst_mi_handler/gen_normal_area.inst_fifo_node_payld/gen_xpm_memory_fifo.inst_fifo/gen_mem_rep[0].inst_xpm_memory/xpm_memory_base_inst/gen_wr_a.gen_word_narrow.mem_reg_0_31_60_65/RAMA/I
                            (rising edge-triggered cell RAMD32 clocked by clk_fpga_0  {rise@0.000ns fall@5.000ns period=10.000ns})
  Path Group:             clk_fpga_0
  Path Type:              Hold (Min at Fast Process Corner)
  Requirement:            0.000ns  (clk_fpga_0 rise@0.000ns - clk_fpga_0 rise@0.000ns)
  Data Path Delay:        0.196ns  (logic 0.141ns (71.838%)  route 0.055ns (28.162%))
  Logic Levels:           0  
  Clock Path Skew:        0.013ns (DCD - SCD - CPR)
    Destination Clock Delay (DCD):    1.231ns
    Source Clock Delay      (SCD):    0.931ns
    Clock Pessimism Removal (CPR):    0.287ns

    Location             Delay type                Incr(ns)  Path(ns)    Netlist Resource(s)
  -------------------------------------------------------------------    -------------------
                         (clock clk_fpga_0 rise edge)
                                                      0.000     0.000 r  
    PS7_X0Y0             PS7                          0.000     0.000 r  multi_protocol_bd_i/processing_system7_0/inst/PS7_i/FCLKCLK[0]
                         net (fo=1, routed)           0.310     0.310    multi_protocol_bd_i/processing_system7_0/inst/FCLK_CLK_unbuffered[0]
    BUFGCTRL_X0Y17       BUFG (Prop_bufg_I_O)         0.026     0.336 r  multi_protocol_bd_i/processing_system7_0/inst/buffer_fclk_clk_0.FCLK_CLK_0_BUFG/O
                         net (fo=5396, routed)        0.595     0.931    multi_protocol_bd_i/axi_smc_0/inst/switchboards/r_switchboard/inst/gen_mi[0].inst_opipe_payld/aclk
    SLICE_X19Y44         FDRE                                         r  multi_protocol_bd_i/axi_smc_0/inst/switchboards/r_switchboard/inst/gen_mi[0].inst_opipe_payld/gen_pipe[1].pipe_reg[1][60]/C
  -------------------------------------------------------------------    -------------------
    SLICE_X19Y44         FDRE (Prop_fdre_C_Q)         0.141     1.072 r  multi_protocol_bd_i/axi_smc_0/inst/switchboards/r_switchboard/inst/gen_mi[0].inst_opipe_payld/gen_pipe[1].pipe_reg[1][60]/Q
                         net (fo=1, routed)           0.055     1.127    multi_protocol_bd_i/axi_smc_0/inst/s00_nodes/s00_r_node/inst/inst_mi_handler/gen_normal_area.inst_fifo_node_payld/gen_xpm_memory_fifo.inst_fifo/gen_mem_rep[0].inst_xpm_memory/xpm_memory_base_inst/gen_wr_a.gen_word_narrow.mem_reg_0_31_60_65/DIA0
    SLICE_X18Y44         RAMD32                                       r  multi_protocol_bd_i/axi_smc_0/inst/s00_nodes/s00_r_node/inst/inst_mi_handler/gen_normal_area.inst_fifo_node_payld/gen_xpm_memory_fifo.inst_fifo/gen_mem_rep[0].inst_xpm_memory/xpm_memory_base_inst/gen_wr_a.gen_word_narrow.mem_reg_0_31_60_65/RAMA/I
  -------------------------------------------------------------------    -------------------

                         (clock clk_fpga_0 rise edge)
                                                      0.000     0.000 r  
    PS7_X0Y0             PS7                          0.000     0.000 r  multi_protocol_bd_i/processing_system7_0/inst/PS7_i/FCLKCLK[0]
                         net (fo=1, routed)           0.337     0.337    multi_protocol_bd_i/processing_system7_0/inst/FCLK_CLK_unbuffered[0]
    BUFGCTRL_X0Y17       BUFG (Prop_bufg_I_O)         0.029     0.366 r  multi_protocol_bd_i/processing_system7_0/inst/buffer_fclk_clk_0.FCLK_CLK_0_BUFG/O
                         net (fo=5396, routed)        0.865     1.231    multi_protocol_bd_i/axi_smc_0/inst/s00_nodes/s00_r_node/inst/inst_mi_handler/gen_normal_area.inst_fifo_node_payld/gen_xpm_memory_fifo.inst_fifo/gen_mem_rep[0].inst_xpm_memory/xpm_memory_base_inst/gen_wr_a.gen_word_narrow.mem_reg_0_31_60_65/WCLK
    SLICE_X18Y44         RAMD32                                       r  multi_protocol_bd_i/axi_smc_0/inst/s00_nodes/s00_r_node/inst/inst_mi_handler/gen_normal_area.inst_fifo_node_payld/gen_xpm_memory_fifo.inst_fifo/gen_mem_rep[0].inst_xpm_memory/xpm_memory_base_inst/gen_wr_a.gen_word_narrow.mem_reg_0_31_60_65/RAMA/CLK
                         clock pessimism             -0.287     0.944    
    SLICE_X18Y44         RAMD32 (Hold_ramd32_CLK_I)
                                                      0.147     1.090    multi_protocol_bd_i/axi_smc_0/inst/s00_nodes/s00_r_node/inst/inst_mi_handler/gen_normal_area.inst_fifo_node_payld/gen_xpm_memory_fifo.inst_fifo/gen_mem_rep[0].inst_xpm_memory/xpm_memory_base_inst/gen_wr_a.gen_word_narrow.mem_reg_0_31_60_65/RAMA
  -------------------------------------------------------------------
                         required time                         -1.090    
                         arrival time                           1.127    
  -------------------------------------------------------------------
                         slack                                  0.036    

Slack (MET) :             0.047ns  (arrival time - required time)
  Source:                 multi_protocol_bd_i/axi_smc_0/inst/m00_nodes/m00_ar_node/inst/inst_mi_handler/gen_normal_area.inst_fifo_node_payld/gen_xpm_memory_fifo.inst_fifo/gen_mem_rep[0].inst_xpm_memory/xpm_memory_base_inst/gen_rd_b.doutb_reg_reg[136]/C
                            (rising edge-triggered cell FDRE clocked by clk_fpga_0  {rise@0.000ns fall@5.000ns period=10.000ns})
  Destination:            multi_protocol_bd_i/axi_smc_0/inst/m00_exit_pipeline/m00_exit/inst/splitter_inst/gen_axi3.splitter_inst/ar_cmd_reg/m_vector_i_reg[1143]/D
                            (rising edge-triggered cell FDRE clocked by clk_fpga_0  {rise@0.000ns fall@5.000ns period=10.000ns})
  Path Group:             clk_fpga_0
  Path Type:              Hold (Min at Fast Process Corner)
  Requirement:            0.000ns  (clk_fpga_0 rise@0.000ns - clk_fpga_0 rise@0.000ns)
  Data Path Delay:        0.399ns  (logic 0.246ns (61.664%)  route 0.153ns (38.336%))
  Logic Levels:           1  (LUT5=1)
  Clock Path Skew:        0.261ns (DCD - SCD - CPR)
    Destination Clock Delay (DCD):    1.192ns
    Source Clock Delay      (SCD):    0.901ns
    Clock Pessimism Removal (CPR):    0.030ns

    Location             Delay type                Incr(ns)  Path(ns)    Netlist Resource(s)
  -------------------------------------------------------------------    -------------------
                         (clock clk_fpga_0 rise edge)
                                                      0.000     0.000 r  
    PS7_X0Y0             PS7                          0.000     0.000 r  multi_protocol_bd_i/processing_system7_0/inst/PS7_i/FCLKCLK[0]
                         net (fo=1, routed)           0.310     0.310    multi_protocol_bd_i/processing_system7_0/inst/FCLK_CLK_unbuffered[0]
    BUFGCTRL_X0Y17       BUFG (Prop_bufg_I_O)         0.026     0.336 r  multi_protocol_bd_i/processing_system7_0/inst/buffer_fclk_clk_0.FCLK_CLK_0_BUFG/O
                         net (fo=5396, routed)        0.565     0.901    multi_protocol_bd_i/axi_smc_0/inst/m00_nodes/m00_ar_node/inst/inst_mi_handler/gen_normal_area.inst_fifo_node_payld/gen_xpm_memory_fifo.inst_fifo/gen_mem_rep[0].inst_xpm_memory/xpm_memory_base_inst/clka
    SLICE_X34Y49         FDRE                                         r  multi_protocol_bd_i/axi_smc_0/inst/m00_nodes/m00_ar_node/inst/inst_mi_handler/gen_normal_area.inst_fifo_node_payld/gen_xpm_memory_fifo.inst_fifo/gen_mem_rep[0].inst_xpm_memory/xpm_memory_base_inst/gen_rd_b.doutb_reg_reg[136]/C
  -------------------------------------------------------------------    -------------------
    SLICE_X34Y49         FDRE (Prop_fdre_C_Q)         0.148     1.049 r  multi_protocol_bd_i/axi_smc_0/inst/m00_nodes/m00_ar_node/inst/inst_mi_handler/gen_normal_area.inst_fifo_node_payld/gen_xpm_memory_fifo.inst_fifo/gen_mem_rep[0].inst_xpm_memory/xpm_memory_base_inst/gen_rd_b.doutb_reg_reg[136]/Q
                         net (fo=3, routed)           0.153     1.201    multi_protocol_bd_i/axi_smc_0/inst/m00_exit_pipeline/m00_exit/inst/splitter_inst/gen_axi3.splitter_inst/ar_cmd_reg/s_axi_arcache[2]
    SLICE_X35Y51         LUT5 (Prop_lut5_I3_O)        0.098     1.299 r  multi_protocol_bd_i/axi_smc_0/inst/m00_exit_pipeline/m00_exit/inst/splitter_inst/gen_axi3.splitter_inst/ar_cmd_reg/m_vector_i[1143]_i_1/O
                         net (fo=1, routed)           0.000     1.299    multi_protocol_bd_i/axi_smc_0/inst/m00_exit_pipeline/m00_exit/inst/splitter_inst/gen_axi3.splitter_inst/ar_cmd_reg/m_vector_i[1143]_i_1_n_0
    SLICE_X35Y51         FDRE                                         r  multi_protocol_bd_i/axi_smc_0/inst/m00_exit_pipeline/m00_exit/inst/splitter_inst/gen_axi3.splitter_inst/ar_cmd_reg/m_vector_i_reg[1143]/D
  -------------------------------------------------------------------    -------------------

                         (clock clk_fpga_0 rise edge)
                                                      0.000     0.000 r  
    PS7_X0Y0             PS7                          0.000     0.000 r  multi_protocol_bd_i/processing_system7_0/inst/PS7_i/FCLKCLK[0]
                         net (fo=1, routed)           0.337     0.337    multi_protocol_bd_i/processing_system7_0/inst/FCLK_CLK_unbuffered[0]
    BUFGCTRL_X0Y17       BUFG (Prop_bufg_I_O)         0.029     0.366 r  multi_protocol_bd_i/processing_system7_0/inst/buffer_fclk_clk_0.FCLK_CLK_0_BUFG/O
                         net (fo=5396, routed)        0.826     1.192    multi_protocol_bd_i/axi_smc_0/inst/m00_exit_pipeline/m00_exit/inst/splitter_inst/gen_axi3.splitter_inst/ar_cmd_reg/aclk
    SLICE_X35Y51         FDRE                                         r  multi_protocol_bd_i/axi_smc_0/inst/m00_exit_pipeline/m00_exit/inst/splitter_inst/gen_axi3.splitter_inst/ar_cmd_reg/m_vector_i_reg[1143]/C
                         clock pessimism             -0.030     1.162    
    SLICE_X35Y51         FDRE (Hold_fdre_C_D)         0.091     1.253    multi_protocol_bd_i/axi_smc_0/inst/m00_exit_pipeline/m00_exit/inst/splitter_inst/gen_axi3.splitter_inst/ar_cmd_reg/m_vector_i_reg[1143]
  -------------------------------------------------------------------
                         required time                         -1.253    
                         arrival time                           1.299    
  -------------------------------------------------------------------
                         slack                                  0.047    

Slack (MET) :             0.048ns  (arrival time - required time)
  Source:                 multi_protocol_bd_i/axi_smc_0/inst/s00_nodes/s00_ar_node/inst/inst_mi_handler/gen_normal_area.inst_fifo_node_payld/gen_xpm_memory_fifo.inst_fifo/gen_mem_rep[0].inst_xpm_memory/xpm_memory_base_inst/gen_rd_b.doutb_reg_reg[8]/C
                            (rising edge-triggered cell FDRE clocked by clk_fpga_0  {rise@0.000ns fall@5.000ns period=10.000ns})
  Destination:            multi_protocol_bd_i/axi_smc_0/inst/switchboards/ar_switchboard/inst/gen_mi[0].inst_opipe_payld/gen_pipe[1].pipe_reg[1][8]/D
                            (rising edge-triggered cell FDRE clocked by clk_fpga_0  {rise@0.000ns fall@5.000ns period=10.000ns})
  Path Group:             clk_fpga_0
  Path Type:              Hold (Min at Fast Process Corner)
  Requirement:            0.000ns  (clk_fpga_0 rise@0.000ns - clk_fpga_0 rise@0.000ns)
  Data Path Delay:        0.330ns  (logic 0.148ns (44.796%)  route 0.182ns (55.204%))
  Logic Levels:           0  
  Clock Path Skew:        0.273ns (DCD - SCD - CPR)
    Destination Clock Delay (DCD):    1.196ns
    Source Clock Delay      (SCD):    0.893ns
    Clock Pessimism Removal (CPR):    0.030ns

    Location             Delay type                Incr(ns)  Path(ns)    Netlist Resource(s)
  -------------------------------------------------------------------    -------------------
                         (clock clk_fpga_0 rise edge)
                                                      0.000     0.000 r  
    PS7_X0Y0             PS7                          0.000     0.000 r  multi_protocol_bd_i/processing_system7_0/inst/PS7_i/FCLKCLK[0]
                         net (fo=1, routed)           0.310     0.310    multi_protocol_bd_i/processing_system7_0/inst/FCLK_CLK_unbuffered[0]
    BUFGCTRL_X0Y17       BUFG (Prop_bufg_I_O)         0.026     0.336 r  multi_protocol_bd_i/processing_system7_0/inst/buffer_fclk_clk_0.FCLK_CLK_0_BUFG/O
                         net (fo=5396, routed)        0.557     0.893    multi_protocol_bd_i/axi_smc_0/inst/s00_nodes/s00_ar_node/inst/inst_mi_handler/gen_normal_area.inst_fifo_node_payld/gen_xpm_memory_fifo.inst_fifo/gen_mem_rep[0].inst_xpm_memory/xpm_memory_base_inst/clka
    SLICE_X46Y50         FDRE                                         r  multi_protocol_bd_i/axi_smc_0/inst/s00_nodes/s00_ar_node/inst/inst_mi_handler/gen_normal_area.inst_fifo_node_payld/gen_xpm_memory_fifo.inst_fifo/gen_mem_rep[0].inst_xpm_memory/xpm_memory_base_inst/gen_rd_b.doutb_reg_reg[8]/C
  -------------------------------------------------------------------    -------------------
    SLICE_X46Y50         FDRE (Prop_fdre_C_Q)         0.148     1.041 r  multi_protocol_bd_i/axi_smc_0/inst/s00_nodes/s00_ar_node/inst/inst_mi_handler/gen_normal_area.inst_fifo_node_payld/gen_xpm_memory_fifo.inst_fifo/gen_mem_rep[0].inst_xpm_memory/xpm_memory_base_inst/gen_rd_b.doutb_reg_reg[8]/Q
                         net (fo=1, routed)           0.182     1.223    multi_protocol_bd_i/axi_smc_0/inst/switchboards/ar_switchboard/inst/gen_mi[0].inst_opipe_payld/s_sc_payld[7]
    SLICE_X46Y49         FDRE                                         r  multi_protocol_bd_i/axi_smc_0/inst/switchboards/ar_switchboard/inst/gen_mi[0].inst_opipe_payld/gen_pipe[1].pipe_reg[1][8]/D
  -------------------------------------------------------------------    -------------------

                         (clock clk_fpga_0 rise edge)
                                                      0.000     0.000 r  
    PS7_X0Y0             PS7                          0.000     0.000 r  multi_protocol_bd_i/processing_system7_0/inst/PS7_i/FCLKCLK[0]
                         net (fo=1, routed)           0.337     0.337    multi_protocol_bd_i/processing_system7_0/inst/FCLK_CLK_unbuffered[0]
    BUFGCTRL_X0Y17       BUFG (Prop_bufg_I_O)         0.029     0.366 r  multi_protocol_bd_i/processing_system7_0/inst/buffer_fclk_clk_0.FCLK_CLK_0_BUFG/O
                         net (fo=5396, routed)        0.830     1.196    multi_protocol_bd_i/axi_smc_0/inst/switchboards/ar_switchboard/inst/gen_mi[0].inst_opipe_payld/aclk
    SLICE_X46Y49         FDRE                                         r  multi_protocol_bd_i/axi_smc_0/inst/switchboards/ar_switchboard/inst/gen_mi[0].inst_opipe_payld/gen_pipe[1].pipe_reg[1][8]/C
                         clock pessimism             -0.030     1.166    
    SLICE_X46Y49         FDRE (Hold_fdre_C_D)         0.009     1.175    multi_protocol_bd_i/axi_smc_0/inst/switchboards/ar_switchboard/inst/gen_mi[0].inst_opipe_payld/gen_pipe[1].pipe_reg[1][8]
  -------------------------------------------------------------------
                         required time                         -1.175    
                         arrival time                           1.223    
  -------------------------------------------------------------------
                         slack                                  0.048    

Slack (MET) :             0.059ns  (arrival time - required time)
  Source:                 multi_protocol_bd_i/multi_protocol_core_0/inst/virtual_evt_data_reg[88]/C
                            (rising edge-triggered cell FDRE clocked by clk_fpga_0  {rise@0.000ns fall@5.000ns period=10.000ns})
  Destination:            multi_protocol_bd_i/multi_protocol_core_0/inst/capture_buffer/memory_reg_1/DIADI[16]
                            (rising edge-triggered cell RAMB36E1 clocked by clk_fpga_0  {rise@0.000ns fall@5.000ns period=10.000ns})
  Path Group:             clk_fpga_0
  Path Type:              Hold (Min at Fast Process Corner)
  Requirement:            0.000ns  (clk_fpga_0 rise@0.000ns - clk_fpga_0 rise@0.000ns)
  Data Path Delay:        0.267ns  (logic 0.164ns (61.345%)  route 0.103ns (38.655%))
  Logic Levels:           0  
  Clock Path Skew:        0.054ns (DCD - SCD - CPR)
    Destination Clock Delay (DCD):    1.245ns
    Source Clock Delay      (SCD):    0.908ns
    Clock Pessimism Removal (CPR):    0.283ns

    Location             Delay type                Incr(ns)  Path(ns)    Netlist Resource(s)
  -------------------------------------------------------------------    -------------------
                         (clock clk_fpga_0 rise edge)
                                                      0.000     0.000 r  
    PS7_X0Y0             PS7                          0.000     0.000 r  multi_protocol_bd_i/processing_system7_0/inst/PS7_i/FCLKCLK[0]
                         net (fo=1, routed)           0.310     0.310    multi_protocol_bd_i/processing_system7_0/inst/FCLK_CLK_unbuffered[0]
    BUFGCTRL_X0Y17       BUFG (Prop_bufg_I_O)         0.026     0.336 r  multi_protocol_bd_i/processing_system7_0/inst/buffer_fclk_clk_0.FCLK_CLK_0_BUFG/O
                         net (fo=5396, routed)        0.572     0.908    multi_protocol_bd_i/multi_protocol_core_0/inst/s_axi_aclk
    SLICE_X54Y85         FDRE                                         r  multi_protocol_bd_i/multi_protocol_core_0/inst/virtual_evt_data_reg[88]/C
  -------------------------------------------------------------------    -------------------
    SLICE_X54Y85         FDRE (Prop_fdre_C_Q)         0.164     1.072 r  multi_protocol_bd_i/multi_protocol_core_0/inst/virtual_evt_data_reg[88]/Q
                         net (fo=1, routed)           0.103     1.175    multi_protocol_bd_i/multi_protocol_core_0/inst/capture_buffer/in_event[88]
    RAMB36_X3Y17         RAMB36E1                                     r  multi_protocol_bd_i/multi_protocol_core_0/inst/capture_buffer/memory_reg_1/DIADI[16]
  -------------------------------------------------------------------    -------------------

                         (clock clk_fpga_0 rise edge)
                                                      0.000     0.000 r  
    PS7_X0Y0             PS7                          0.000     0.000 r  multi_protocol_bd_i/processing_system7_0/inst/PS7_i/FCLKCLK[0]
                         net (fo=1, routed)           0.337     0.337    multi_protocol_bd_i/processing_system7_0/inst/FCLK_CLK_unbuffered[0]
    BUFGCTRL_X0Y17       BUFG (Prop_bufg_I_O)         0.029     0.366 r  multi_protocol_bd_i/processing_system7_0/inst/buffer_fclk_clk_0.FCLK_CLK_0_BUFG/O
                         net (fo=5396, routed)        0.879     1.245    multi_protocol_bd_i/multi_protocol_core_0/inst/capture_buffer/s_axi_aclk
    RAMB36_X3Y17         RAMB36E1                                     r  multi_protocol_bd_i/multi_protocol_core_0/inst/capture_buffer/memory_reg_1/CLKBWRCLK
                         clock pessimism             -0.283     0.961    
    RAMB36_X3Y17         RAMB36E1 (Hold_ramb36e1_CLKBWRCLK_DIADI[16])
                                                      0.155     1.116    multi_protocol_bd_i/multi_protocol_core_0/inst/capture_buffer/memory_reg_1
  -------------------------------------------------------------------
                         required time                         -1.116    
                         arrival time                           1.175    
  -------------------------------------------------------------------
                         slack                                  0.059    

Slack (MET) :             0.060ns  (arrival time - required time)
  Source:                 multi_protocol_bd_i/multi_protocol_core_0/inst/virtual_evt_data_reg[94]/C
                            (rising edge-triggered cell FDRE clocked by clk_fpga_0  {rise@0.000ns fall@5.000ns period=10.000ns})
  Destination:            multi_protocol_bd_i/multi_protocol_core_0/inst/capture_buffer/memory_reg_1/DIADI[22]
                            (rising edge-triggered cell RAMB36E1 clocked by clk_fpga_0  {rise@0.000ns fall@5.000ns period=10.000ns})
  Path Group:             clk_fpga_0
  Path Type:              Hold (Min at Fast Process Corner)
  Requirement:            0.000ns  (clk_fpga_0 rise@0.000ns - clk_fpga_0 rise@0.000ns)
  Data Path Delay:        0.268ns  (logic 0.164ns (61.116%)  route 0.104ns (38.884%))
  Logic Levels:           0  
  Clock Path Skew:        0.054ns (DCD - SCD - CPR)
    Destination Clock Delay (DCD):    1.245ns
    Source Clock Delay      (SCD):    0.908ns
    Clock Pessimism Removal (CPR):    0.283ns

    Location             Delay type                Incr(ns)  Path(ns)    Netlist Resource(s)
  -------------------------------------------------------------------    -------------------
                         (clock clk_fpga_0 rise edge)
                                                      0.000     0.000 r  
    PS7_X0Y0             PS7                          0.000     0.000 r  multi_protocol_bd_i/processing_system7_0/inst/PS7_i/FCLKCLK[0]
                         net (fo=1, routed)           0.310     0.310    multi_protocol_bd_i/processing_system7_0/inst/FCLK_CLK_unbuffered[0]
    BUFGCTRL_X0Y17       BUFG (Prop_bufg_I_O)         0.026     0.336 r  multi_protocol_bd_i/processing_system7_0/inst/buffer_fclk_clk_0.FCLK_CLK_0_BUFG/O
                         net (fo=5396, routed)        0.572     0.908    multi_protocol_bd_i/multi_protocol_core_0/inst/s_axi_aclk
    SLICE_X54Y85         FDRE                                         r  multi_protocol_bd_i/multi_protocol_core_0/inst/virtual_evt_data_reg[94]/C
  -------------------------------------------------------------------    -------------------
    SLICE_X54Y85         FDRE (Prop_fdre_C_Q)         0.164     1.072 r  multi_protocol_bd_i/multi_protocol_core_0/inst/virtual_evt_data_reg[94]/Q
                         net (fo=1, routed)           0.104     1.176    multi_protocol_bd_i/multi_protocol_core_0/inst/capture_buffer/in_event[94]
    RAMB36_X3Y17         RAMB36E1                                     r  multi_protocol_bd_i/multi_protocol_core_0/inst/capture_buffer/memory_reg_1/DIADI[22]
  -------------------------------------------------------------------    -------------------

                         (clock clk_fpga_0 rise edge)
                                                      0.000     0.000 r  
    PS7_X0Y0             PS7                          0.000     0.000 r  multi_protocol_bd_i/processing_system7_0/inst/PS7_i/FCLKCLK[0]
                         net (fo=1, routed)           0.337     0.337    multi_protocol_bd_i/processing_system7_0/inst/FCLK_CLK_unbuffered[0]
    BUFGCTRL_X0Y17       BUFG (Prop_bufg_I_O)         0.029     0.366 r  multi_protocol_bd_i/processing_system7_0/inst/buffer_fclk_clk_0.FCLK_CLK_0_BUFG/O
                         net (fo=5396, routed)        0.879     1.245    multi_protocol_bd_i/multi_protocol_core_0/inst/capture_buffer/s_axi_aclk
    RAMB36_X3Y17         RAMB36E1                                     r  multi_protocol_bd_i/multi_protocol_core_0/inst/capture_buffer/memory_reg_1/CLKBWRCLK
                         clock pessimism             -0.283     0.961    
    RAMB36_X3Y17         RAMB36E1 (Hold_ramb36e1_CLKBWRCLK_DIADI[22])
                                                      0.155     1.116    multi_protocol_bd_i/multi_protocol_core_0/inst/capture_buffer/memory_reg_1
  -------------------------------------------------------------------
                         required time                         -1.116    
                         arrival time                           1.176    
  -------------------------------------------------------------------
                         slack                                  0.060    

Slack (MET) :             0.060ns  (arrival time - required time)
  Source:                 multi_protocol_bd_i/axi_smc_0/inst/m00_nodes/m00_ar_node/inst/inst_mi_handler/gen_normal_area.inst_fifo_node_payld/gen_xpm_memory_fifo.inst_fifo/gen_mem_rep[0].inst_xpm_memory/xpm_memory_base_inst/gen_rd_b.doutb_reg_reg[91]/C
                            (rising edge-triggered cell FDRE clocked by clk_fpga_0  {rise@0.000ns fall@5.000ns period=10.000ns})
  Destination:            multi_protocol_bd_i/axi_smc_0/inst/m00_exit_pipeline/m00_exit/inst/splitter_inst/gen_axi3.splitter_inst/gen_rsplitter.ar_last_offset_d_reg[6]/D
                            (rising edge-triggered cell FDRE clocked by clk_fpga_0  {rise@0.000ns fall@5.000ns period=10.000ns})
  Path Group:             clk_fpga_0
  Path Type:              Hold (Min at Fast Process Corner)
  Requirement:            0.000ns  (clk_fpga_0 rise@0.000ns - clk_fpga_0 rise@0.000ns)
  Data Path Delay:        0.396ns  (logic 0.164ns (41.368%)  route 0.232ns (58.632%))
  Logic Levels:           0  
  Clock Path Skew:        0.273ns (DCD - SCD - CPR)
    Destination Clock Delay (DCD):    1.196ns
    Source Clock Delay      (SCD):    0.893ns
    Clock Pessimism Removal (CPR):    0.030ns

    Location             Delay type                Incr(ns)  Path(ns)    Netlist Resource(s)
  -------------------------------------------------------------------    -------------------
                         (clock clk_fpga_0 rise edge)
                                                      0.000     0.000 r  
    PS7_X0Y0             PS7                          0.000     0.000 r  multi_protocol_bd_i/processing_system7_0/inst/PS7_i/FCLKCLK[0]
                         net (fo=1, routed)           0.310     0.310    multi_protocol_bd_i/processing_system7_0/inst/FCLK_CLK_unbuffered[0]
    BUFGCTRL_X0Y17       BUFG (Prop_bufg_I_O)         0.026     0.336 r  multi_protocol_bd_i/processing_system7_0/inst/buffer_fclk_clk_0.FCLK_CLK_0_BUFG/O
                         net (fo=5396, routed)        0.557     0.893    multi_protocol_bd_i/axi_smc_0/inst/m00_nodes/m00_ar_node/inst/inst_mi_handler/gen_normal_area.inst_fifo_node_payld/gen_xpm_memory_fifo.inst_fifo/gen_mem_rep[0].inst_xpm_memory/xpm_memory_base_inst/clka
    SLICE_X36Y50         FDRE                                         r  multi_protocol_bd_i/axi_smc_0/inst/m00_nodes/m00_ar_node/inst/inst_mi_handler/gen_normal_area.inst_fifo_node_payld/gen_xpm_memory_fifo.inst_fifo/gen_mem_rep[0].inst_xpm_memory/xpm_memory_base_inst/gen_rd_b.doutb_reg_reg[91]/C
  -------------------------------------------------------------------    -------------------
    SLICE_X36Y50         FDRE (Prop_fdre_C_Q)         0.164     1.057 r  multi_protocol_bd_i/axi_smc_0/inst/m00_nodes/m00_ar_node/inst/inst_mi_handler/gen_normal_area.inst_fifo_node_payld/gen_xpm_memory_fifo.inst_fifo/gen_mem_rep[0].inst_xpm_memory/xpm_memory_base_inst/gen_rd_b.doutb_reg_reg[91]/Q
                         net (fo=3, routed)           0.232     1.289    multi_protocol_bd_i/axi_smc_0/inst/m00_exit_pipeline/m00_exit/inst/splitter_inst/gen_axi3.splitter_inst/s_axi_aruser[17]
    SLICE_X36Y49         FDRE                                         r  multi_protocol_bd_i/axi_smc_0/inst/m00_exit_pipeline/m00_exit/inst/splitter_inst/gen_axi3.splitter_inst/gen_rsplitter.ar_last_offset_d_reg[6]/D
  -------------------------------------------------------------------    -------------------

                         (clock clk_fpga_0 rise edge)
                                                      0.000     0.000 r  
    PS7_X0Y0             PS7                          0.000     0.000 r  multi_protocol_bd_i/processing_system7_0/inst/PS7_i/FCLKCLK[0]
                         net (fo=1, routed)           0.337     0.337    multi_protocol_bd_i/processing_system7_0/inst/FCLK_CLK_unbuffered[0]
    BUFGCTRL_X0Y17       BUFG (Prop_bufg_I_O)         0.029     0.366 r  multi_protocol_bd_i/processing_system7_0/inst/buffer_fclk_clk_0.FCLK_CLK_0_BUFG/O
                         net (fo=5396, routed)        0.830     1.196    multi_protocol_bd_i/axi_smc_0/inst/m00_exit_pipeline/m00_exit/inst/splitter_inst/gen_axi3.splitter_inst/aclk
    SLICE_X36Y49         FDRE                                         r  multi_protocol_bd_i/axi_smc_0/inst/m00_exit_pipeline/m00_exit/inst/splitter_inst/gen_axi3.splitter_inst/gen_rsplitter.ar_last_offset_d_reg[6]/C
                         clock pessimism             -0.030     1.166    
    SLICE_X36Y49         FDRE (Hold_fdre_C_D)         0.063     1.229    multi_protocol_bd_i/axi_smc_0/inst/m00_exit_pipeline/m00_exit/inst/splitter_inst/gen_axi3.splitter_inst/gen_rsplitter.ar_last_offset_d_reg[6]
  -------------------------------------------------------------------
                         required time                         -1.229    
                         arrival time                           1.289    
  -------------------------------------------------------------------
                         slack                                  0.060    

Slack (MET) :             0.066ns  (arrival time - required time)
  Source:                 multi_protocol_bd_i/axi_vdma_0/U0/I_RST_MODULE/GEN_RESET_FOR_MM2S.RESET_I/GEN_MIN_FOR_ASYNC.AXIS_CLR_CDC_I/GENERATE_PULSE_P_S_CDC_OPEN_ENDED.s_rst_d3/C
                            (rising edge-triggered cell FDRE clocked by clk_fpga_0  {rise@0.000ns fall@5.000ns period=10.000ns})
  Destination:            multi_protocol_bd_i/axi_vdma_0/U0/I_RST_MODULE/GEN_RESET_FOR_MM2S.RESET_I/GEN_MIN_FOR_ASYNC.AXIS_CLR_CDC_I/GENERATE_PULSE_P_S_CDC_OPEN_ENDED.s_rst_d4/D
                            (rising edge-triggered cell FDRE clocked by clk_fpga_0  {rise@0.000ns fall@5.000ns period=10.000ns})
  Path Group:             clk_fpga_0
  Path Type:              Hold (Min at Fast Process Corner)
  Requirement:            0.000ns  (clk_fpga_0 rise@0.000ns - clk_fpga_0 rise@0.000ns)
  Data Path Delay:        0.398ns  (logic 0.164ns (41.244%)  route 0.234ns (58.756%))
  Logic Levels:           0  
  Clock Path Skew:        0.261ns (DCD - SCD - CPR)
    Destination Clock Delay (DCD):    1.180ns
    Source Clock Delay      (SCD):    0.884ns
    Clock Pessimism Removal (CPR):    0.035ns

    Location             Delay type                Incr(ns)  Path(ns)    Netlist Resource(s)
  -------------------------------------------------------------------    -------------------
                         (clock clk_fpga_0 rise edge)
                                                      0.000     0.000 r  
    PS7_X0Y0             PS7                          0.000     0.000 r  multi_protocol_bd_i/processing_system7_0/inst/PS7_i/FCLKCLK[0]
                         net (fo=1, routed)           0.310     0.310    multi_protocol_bd_i/processing_system7_0/inst/FCLK_CLK_unbuffered[0]
    BUFGCTRL_X0Y17       BUFG (Prop_bufg_I_O)         0.026     0.336 r  multi_protocol_bd_i/processing_system7_0/inst/buffer_fclk_clk_0.FCLK_CLK_0_BUFG/O
                         net (fo=5396, routed)        0.548     0.884    multi_protocol_bd_i/axi_vdma_0/U0/I_RST_MODULE/GEN_RESET_FOR_MM2S.RESET_I/GEN_MIN_FOR_ASYNC.AXIS_CLR_CDC_I/m_axis_mm2s_aclk
    SLICE_X50Y64         FDRE                                         r  multi_protocol_bd_i/axi_vdma_0/U0/I_RST_MODULE/GEN_RESET_FOR_MM2S.RESET_I/GEN_MIN_FOR_ASYNC.AXIS_CLR_CDC_I/GENERATE_PULSE_P_S_CDC_OPEN_ENDED.s_rst_d3/C
  -------------------------------------------------------------------    -------------------
    SLICE_X50Y64         FDRE (Prop_fdre_C_Q)         0.164     1.048 r  multi_protocol_bd_i/axi_vdma_0/U0/I_RST_MODULE/GEN_RESET_FOR_MM2S.RESET_I/GEN_MIN_FOR_ASYNC.AXIS_CLR_CDC_I/GENERATE_PULSE_P_S_CDC_OPEN_ENDED.s_rst_d3/Q
                         net (fo=1, routed)           0.234     1.281    multi_protocol_bd_i/axi_vdma_0/U0/I_RST_MODULE/GEN_RESET_FOR_MM2S.RESET_I/GEN_MIN_FOR_ASYNC.AXIS_CLR_CDC_I/srst_d3
    SLICE_X49Y69         FDRE                                         r  multi_protocol_bd_i/axi_vdma_0/U0/I_RST_MODULE/GEN_RESET_FOR_MM2S.RESET_I/GEN_MIN_FOR_ASYNC.AXIS_CLR_CDC_I/GENERATE_PULSE_P_S_CDC_OPEN_ENDED.s_rst_d4/D
  -------------------------------------------------------------------    -------------------

                         (clock clk_fpga_0 rise edge)
                                                      0.000     0.000 r  
    PS7_X0Y0             PS7                          0.000     0.000 r  multi_protocol_bd_i/processing_system7_0/inst/PS7_i/FCLKCLK[0]
                         net (fo=1, routed)           0.337     0.337    multi_protocol_bd_i/processing_system7_0/inst/FCLK_CLK_unbuffered[0]
    BUFGCTRL_X0Y17       BUFG (Prop_bufg_I_O)         0.029     0.366 r  multi_protocol_bd_i/processing_system7_0/inst/buffer_fclk_clk_0.FCLK_CLK_0_BUFG/O
                         net (fo=5396, routed)        0.814     1.180    multi_protocol_bd_i/axi_vdma_0/U0/I_RST_MODULE/GEN_RESET_FOR_MM2S.RESET_I/GEN_MIN_FOR_ASYNC.AXIS_CLR_CDC_I/m_axis_mm2s_aclk
    SLICE_X49Y69         FDRE                                         r  multi_protocol_bd_i/axi_vdma_0/U0/I_RST_MODULE/GEN_RESET_FOR_MM2S.RESET_I/GEN_MIN_FOR_ASYNC.AXIS_CLR_CDC_I/GENERATE_PULSE_P_S_CDC_OPEN_ENDED.s_rst_d4/C
                         clock pessimism             -0.035     1.145    
    SLICE_X49Y69         FDRE (Hold_fdre_C_D)         0.070     1.215    multi_protocol_bd_i/axi_vdma_0/U0/I_RST_MODULE/GEN_RESET_FOR_MM2S.RESET_I/GEN_MIN_FOR_ASYNC.AXIS_CLR_CDC_I/GENERATE_PULSE_P_S_CDC_OPEN_ENDED.s_rst_d4
  -------------------------------------------------------------------
                         required time                         -1.215    
                         arrival time                           1.281    
  -------------------------------------------------------------------
                         slack                                  0.066    

Slack (MET) :             0.070ns  (arrival time - required time)
  Source:                 multi_protocol_bd_i/axi_vdma_0/U0/GEN_SPRT_FOR_MM2S.GEN_AXIS_MM2S_DWIDTH_CONV.AXIS_MM2S_DWIDTH_CONVERTER_I/GEN_DWIDTH_NO_SOF.MM2S_AXIS_DWIDTH_CONVERTER_I/gen_downsizer_conversion.axisc_downsizer_0/r1_data_reg[4]/C
                            (rising edge-triggered cell FDRE clocked by clk_fpga_0  {rise@0.000ns fall@5.000ns period=10.000ns})
  Destination:            multi_protocol_bd_i/v_axi4s_vid_out_0/inst/COUPLER_INST/generate_async_fifo.FIFO_INST/XPM_FIFO_ASYNC_INST/gnuram_async_fifo.xpm_fifo_base_inst/gen_sdpram.xpm_memory_base_inst/gen_wr_a.gen_word_narrow.mem_reg/DIADI[4]
                            (rising edge-triggered cell RAMB36E1 clocked by clk_fpga_0  {rise@0.000ns fall@5.000ns period=10.000ns})
  Path Group:             clk_fpga_0
  Path Type:              Hold (Min at Fast Process Corner)
  Requirement:            0.000ns  (clk_fpga_0 rise@0.000ns - clk_fpga_0 rise@0.000ns)
  Data Path Delay:        0.423ns  (logic 0.209ns (49.452%)  route 0.214ns (50.548%))
  Logic Levels:           1  (LUT6=1)
  Clock Path Skew:        0.057ns (DCD - SCD - CPR)
    Destination Clock Delay (DCD):    1.233ns
    Source Clock Delay      (SCD):    0.896ns
    Clock Pessimism Removal (CPR):    0.280ns

    Location             Delay type                Incr(ns)  Path(ns)    Netlist Resource(s)
  -------------------------------------------------------------------    -------------------
                         (clock clk_fpga_0 rise edge)
                                                      0.000     0.000 r  
    PS7_X0Y0             PS7                          0.000     0.000 r  multi_protocol_bd_i/processing_system7_0/inst/PS7_i/FCLKCLK[0]
                         net (fo=1, routed)           0.310     0.310    multi_protocol_bd_i/processing_system7_0/inst/FCLK_CLK_unbuffered[0]
    BUFGCTRL_X0Y17       BUFG (Prop_bufg_I_O)         0.026     0.336 r  multi_protocol_bd_i/processing_system7_0/inst/buffer_fclk_clk_0.FCLK_CLK_0_BUFG/O
                         net (fo=5396, routed)        0.560     0.896    multi_protocol_bd_i/axi_vdma_0/U0/GEN_SPRT_FOR_MM2S.GEN_AXIS_MM2S_DWIDTH_CONV.AXIS_MM2S_DWIDTH_CONVERTER_I/GEN_DWIDTH_NO_SOF.MM2S_AXIS_DWIDTH_CONVERTER_I/gen_downsizer_conversion.axisc_downsizer_0/m_axis_mm2s_aclk
    SLICE_X32Y36         FDRE                                         r  multi_protocol_bd_i/axi_vdma_0/U0/GEN_SPRT_FOR_MM2S.GEN_AXIS_MM2S_DWIDTH_CONV.AXIS_MM2S_DWIDTH_CONVERTER_I/GEN_DWIDTH_NO_SOF.MM2S_AXIS_DWIDTH_CONVERTER_I/gen_downsizer_conversion.axisc_downsizer_0/r1_data_reg[4]/C
  -------------------------------------------------------------------    -------------------
    SLICE_X32Y36         FDRE (Prop_fdre_C_Q)         0.164     1.060 r  multi_protocol_bd_i/axi_vdma_0/U0/GEN_SPRT_FOR_MM2S.GEN_AXIS_MM2S_DWIDTH_CONV.AXIS_MM2S_DWIDTH_CONVERTER_I/GEN_DWIDTH_NO_SOF.MM2S_AXIS_DWIDTH_CONVERTER_I/gen_downsizer_conversion.axisc_downsizer_0/r1_data_reg[4]/Q
                         net (fo=1, routed)           0.112     1.172    multi_protocol_bd_i/axi_vdma_0/U0/GEN_SPRT_FOR_MM2S.GEN_AXIS_MM2S_DWIDTH_CONV.AXIS_MM2S_DWIDTH_CONVERTER_I/GEN_DWIDTH_NO_SOF.MM2S_AXIS_DWIDTH_CONVERTER_I/gen_downsizer_conversion.axisc_downsizer_0/p_0_in1_in[76]
    SLICE_X32Y36         LUT6 (Prop_lut6_I5_O)        0.045     1.217 r  multi_protocol_bd_i/axi_vdma_0/U0/GEN_SPRT_FOR_MM2S.GEN_AXIS_MM2S_DWIDTH_CONV.AXIS_MM2S_DWIDTH_CONVERTER_I/GEN_DWIDTH_NO_SOF.MM2S_AXIS_DWIDTH_CONVERTER_I/gen_downsizer_conversion.axisc_downsizer_0/m_axis_mm2s_tdata[4]_INST_0/O
                         net (fo=1, routed)           0.102     1.318    multi_protocol_bd_i/v_axi4s_vid_out_0/inst/COUPLER_INST/generate_async_fifo.FIFO_INST/XPM_FIFO_ASYNC_INST/gnuram_async_fifo.xpm_fifo_base_inst/gen_sdpram.xpm_memory_base_inst/dina[4]
    RAMB36_X2Y7          RAMB36E1                                     r  multi_protocol_bd_i/v_axi4s_vid_out_0/inst/COUPLER_INST/generate_async_fifo.FIFO_INST/XPM_FIFO_ASYNC_INST/gnuram_async_fifo.xpm_fifo_base_inst/gen_sdpram.xpm_memory_base_inst/gen_wr_a.gen_word_narrow.mem_reg/DIADI[4]
  -------------------------------------------------------------------    -------------------

                         (clock clk_fpga_0 rise edge)
                                                      0.000     0.000 r  
    PS7_X0Y0             PS7                          0.000     0.000 r  multi_protocol_bd_i/processing_system7_0/inst/PS7_i/FCLKCLK[0]
                         net (fo=1, routed)           0.337     0.337    multi_protocol_bd_i/processing_system7_0/inst/FCLK_CLK_unbuffered[0]
    BUFGCTRL_X0Y17       BUFG (Prop_bufg_I_O)         0.029     0.366 r  multi_protocol_bd_i/processing_system7_0/inst/buffer_fclk_clk_0.FCLK_CLK_0_BUFG/O
                         net (fo=5396, routed)        0.867     1.233    multi_protocol_bd_i/v_axi4s_vid_out_0/inst/COUPLER_INST/generate_async_fifo.FIFO_INST/XPM_FIFO_ASYNC_INST/gnuram_async_fifo.xpm_fifo_base_inst/gen_sdpram.xpm_memory_base_inst/clka
    RAMB36_X2Y7          RAMB36E1                                     r  multi_protocol_bd_i/v_axi4s_vid_out_0/inst/COUPLER_INST/generate_async_fifo.FIFO_INST/XPM_FIFO_ASYNC_INST/gnuram_async_fifo.xpm_fifo_base_inst/gen_sdpram.xpm_memory_base_inst/gen_wr_a.gen_word_narrow.mem_reg/CLKARDCLK
                         clock pessimism             -0.280     0.952    
    RAMB36_X2Y7          RAMB36E1 (Hold_ramb36e1_CLKARDCLK_DIADI[4])
                                                      0.296     1.248    multi_protocol_bd_i/v_axi4s_vid_out_0/inst/COUPLER_INST/generate_async_fifo.FIFO_INST/XPM_FIFO_ASYNC_INST/gnuram_async_fifo.xpm_fifo_base_inst/gen_sdpram.xpm_memory_base_inst/gen_wr_a.gen_word_narrow.mem_reg
  -------------------------------------------------------------------
                         required time                         -1.248    
                         arrival time                           1.318    
  -------------------------------------------------------------------
                         slack                                  0.070    

Slack (MET) :             0.070ns  (arrival time - required time)
  Source:                 multi_protocol_bd_i/axi_smc_0/inst/s00_nodes/s00_ar_node/inst/inst_mi_handler/gen_normal_area.inst_fifo_node_payld/gen_xpm_memory_fifo.inst_fifo/gen_mem_rep[0].inst_xpm_memory/xpm_memory_base_inst/gen_rd_b.doutb_reg_reg[6]/C
                            (rising edge-triggered cell FDRE clocked by clk_fpga_0  {rise@0.000ns fall@5.000ns period=10.000ns})
  Destination:            multi_protocol_bd_i/axi_smc_0/inst/switchboards/ar_switchboard/inst/gen_mi[0].inst_opipe_payld/gen_pipe[1].pipe_reg[1][6]/D
                            (rising edge-triggered cell FDRE clocked by clk_fpga_0  {rise@0.000ns fall@5.000ns period=10.000ns})
  Path Group:             clk_fpga_0
  Path Type:              Hold (Min at Fast Process Corner)
  Requirement:            0.000ns  (clk_fpga_0 rise@0.000ns - clk_fpga_0 rise@0.000ns)
  Data Path Delay:        0.349ns  (logic 0.148ns (42.353%)  route 0.201ns (57.647%))
  Logic Levels:           0  
  Clock Path Skew:        0.273ns (DCD - SCD - CPR)
    Destination Clock Delay (DCD):    1.196ns
    Source Clock Delay      (SCD):    0.893ns
    Clock Pessimism Removal (CPR):    0.030ns

    Location             Delay type                Incr(ns)  Path(ns)    Netlist Resource(s)
  -------------------------------------------------------------------    -------------------
                         (clock clk_fpga_0 rise edge)
                                                      0.000     0.000 r  
    PS7_X0Y0             PS7                          0.000     0.000 r  multi_protocol_bd_i/processing_system7_0/inst/PS7_i/FCLKCLK[0]
                         net (fo=1, routed)           0.310     0.310    multi_protocol_bd_i/processing_system7_0/inst/FCLK_CLK_unbuffered[0]
    BUFGCTRL_X0Y17       BUFG (Prop_bufg_I_O)         0.026     0.336 r  multi_protocol_bd_i/processing_system7_0/inst/buffer_fclk_clk_0.FCLK_CLK_0_BUFG/O
                         net (fo=5396, routed)        0.557     0.893    multi_protocol_bd_i/axi_smc_0/inst/s00_nodes/s00_ar_node/inst/inst_mi_handler/gen_normal_area.inst_fifo_node_payld/gen_xpm_memory_fifo.inst_fifo/gen_mem_rep[0].inst_xpm_memory/xpm_memory_base_inst/clka
    SLICE_X46Y50         FDRE                                         r  multi_protocol_bd_i/axi_smc_0/inst/s00_nodes/s00_ar_node/inst/inst_mi_handler/gen_normal_area.inst_fifo_node_payld/gen_xpm_memory_fifo.inst_fifo/gen_mem_rep[0].inst_xpm_memory/xpm_memory_base_inst/gen_rd_b.doutb_reg_reg[6]/C
  -------------------------------------------------------------------    -------------------
    SLICE_X46Y50         FDRE (Prop_fdre_C_Q)         0.148     1.041 r  multi_protocol_bd_i/axi_smc_0/inst/s00_nodes/s00_ar_node/inst/inst_mi_handler/gen_normal_area.inst_fifo_node_payld/gen_xpm_memory_fifo.inst_fifo/gen_mem_rep[0].inst_xpm_memory/xpm_memory_base_inst/gen_rd_b.doutb_reg_reg[6]/Q
                         net (fo=1, routed)           0.201     1.242    multi_protocol_bd_i/axi_smc_0/inst/switchboards/ar_switchboard/inst/gen_mi[0].inst_opipe_payld/s_sc_payld[5]
    SLICE_X46Y49         FDRE                                         r  multi_protocol_bd_i/axi_smc_0/inst/switchboards/ar_switchboard/inst/gen_mi[0].inst_opipe_payld/gen_pipe[1].pipe_reg[1][6]/D
  -------------------------------------------------------------------    -------------------

                         (clock clk_fpga_0 rise edge)
                                                      0.000     0.000 r  
    PS7_X0Y0             PS7                          0.000     0.000 r  multi_protocol_bd_i/processing_system7_0/inst/PS7_i/FCLKCLK[0]
                         net (fo=1, routed)           0.337     0.337    multi_protocol_bd_i/processing_system7_0/inst/FCLK_CLK_unbuffered[0]
    BUFGCTRL_X0Y17       BUFG (Prop_bufg_I_O)         0.029     0.366 r  multi_protocol_bd_i/processing_system7_0/inst/buffer_fclk_clk_0.FCLK_CLK_0_BUFG/O
                         net (fo=5396, routed)        0.830     1.196    multi_protocol_bd_i/axi_smc_0/inst/switchboards/ar_switchboard/inst/gen_mi[0].inst_opipe_payld/aclk
    SLICE_X46Y49         FDRE                                         r  multi_protocol_bd_i/axi_smc_0/inst/switchboards/ar_switchboard/inst/gen_mi[0].inst_opipe_payld/gen_pipe[1].pipe_reg[1][6]/C
                         clock pessimism             -0.030     1.166    
    SLICE_X46Y49         FDRE (Hold_fdre_C_D)         0.006     1.172    multi_protocol_bd_i/axi_smc_0/inst/switchboards/ar_switchboard/inst/gen_mi[0].inst_opipe_payld/gen_pipe[1].pipe_reg[1][6]
  -------------------------------------------------------------------
                         required time                         -1.172    
                         arrival time                           1.242    
  -------------------------------------------------------------------
                         slack                                  0.070    





Pulse Width Checks
--------------------------------------------------------------------------------------
Clock Name:         clk_fpga_0
Waveform(ns):       { 0.000 5.000 }
Period(ns):         10.000
Sources:            { multi_protocol_bd_i/processing_system7_0/inst/PS7_i/FCLKCLK[0] }

Check Type        Corner  Lib Pin             Reference Pin  Required(ns)  Actual(ns)  Slack(ns)  Location      Pin
Min Period        n/a     RAMB36E1/CLKARDCLK  n/a            2.472         10.000      7.528      RAMB36_X3Y16  multi_protocol_bd_i/multi_protocol_core_0/inst/capture_buffer/memory_reg_0/CLKARDCLK
Min Period        n/a     RAMB36E1/CLKBWRCLK  n/a            2.472         10.000      7.528      RAMB36_X3Y16  multi_protocol_bd_i/multi_protocol_core_0/inst/capture_buffer/memory_reg_0/CLKBWRCLK
Min Period        n/a     RAMB36E1/CLKARDCLK  n/a            2.472         10.000      7.528      RAMB36_X3Y17  multi_protocol_bd_i/multi_protocol_core_0/inst/capture_buffer/memory_reg_1/CLKARDCLK
Min Period        n/a     RAMB36E1/CLKBWRCLK  n/a            2.472         10.000      7.528      RAMB36_X3Y17  multi_protocol_bd_i/multi_protocol_core_0/inst/capture_buffer/memory_reg_1/CLKBWRCLK
Min Period        n/a     RAMB36E1/CLKARDCLK  n/a            2.472         10.000      7.528      RAMB36_X2Y8   multi_protocol_bd_i/axi_vdma_0/U0/GEN_SPRT_FOR_MM2S.MM2S_LINEBUFFER_I/GEN_LINEBUF_NO_SOF.GEN_LINEBUFFER.GEN_SYNC_FIFO.I_LINEBUFFER_FIFO/xpm_fifo_sync_inst/xpm_fifo_base_inst/gen_sdpram.xpm_memory_base_inst/gen_wr_a.gen_word_narrow.mem_reg/CLKARDCLK
Min Period        n/a     RAMB36E1/CLKBWRCLK  n/a            2.472         10.000      7.528      RAMB36_X2Y8   multi_protocol_bd_i/axi_vdma_0/U0/GEN_SPRT_FOR_MM2S.MM2S_LINEBUFFER_I/GEN_LINEBUF_NO_SOF.GEN_LINEBUFFER.GEN_SYNC_FIFO.I_LINEBUFFER_FIFO/xpm_fifo_sync_inst/xpm_fifo_base_inst/gen_sdpram.xpm_memory_base_inst/gen_wr_a.gen_word_narrow.mem_reg/CLKBWRCLK
Min Period        n/a     RAMB36E1/CLKARDCLK  n/a            2.170         10.000      7.830      RAMB36_X2Y7   multi_protocol_bd_i/v_axi4s_vid_out_0/inst/COUPLER_INST/generate_async_fifo.FIFO_INST/XPM_FIFO_ASYNC_INST/gnuram_async_fifo.xpm_fifo_base_inst/gen_sdpram.xpm_memory_base_inst/gen_wr_a.gen_word_narrow.mem_reg/CLKARDCLK
Min Period        n/a     RAMB36E1/CLKARDCLK  n/a            2.170         10.000      7.830      RAMB36_X1Y8   multi_protocol_bd_i/axi_vdma_0/U0/I_PRMRY_DATAMOVER/GEN_MM2S_FULL.I_MM2S_FULL_WRAPPER/GEN_INCLUDE_MM2S_SF.I_RD_SF/I_DATA_FIFO/BLK_MEM.I_SYNC_FIFOGEN_FIFO/xpm_fifo_instance.xpm_fifo_sync_inst/xpm_fifo_base_inst/gen_sdpram.xpm_memory_base_inst/gen_wr_a.gen_word_narrow.mem_reg_0/CLKARDCLK
Min Period        n/a     RAMB36E1/CLKBWRCLK  n/a            2.170         10.000      7.830      RAMB36_X1Y8   multi_protocol_bd_i/axi_vdma_0/U0/I_PRMRY_DATAMOVER/GEN_MM2S_FULL.I_MM2S_FULL_WRAPPER/GEN_INCLUDE_MM2S_SF.I_RD_SF/I_DATA_FIFO/BLK_MEM.I_SYNC_FIFOGEN_FIFO/xpm_fifo_instance.xpm_fifo_sync_inst/xpm_fifo_base_inst/gen_sdpram.xpm_memory_base_inst/gen_wr_a.gen_word_narrow.mem_reg_0/CLKBWRCLK
Min Period        n/a     RAMB18E1/CLKARDCLK  n/a            2.170         10.000      7.830      RAMB18_X1Y14  multi_protocol_bd_i/axi_vdma_0/U0/I_PRMRY_DATAMOVER/GEN_MM2S_FULL.I_MM2S_FULL_WRAPPER/GEN_INCLUDE_MM2S_SF.I_RD_SF/I_DATA_FIFO/BLK_MEM.I_SYNC_FIFOGEN_FIFO/xpm_fifo_instance.xpm_fifo_sync_inst/xpm_fifo_base_inst/gen_sdpram.xpm_memory_base_inst/gen_wr_a.gen_word_narrow.mem_reg_1/CLKARDCLK
Low Pulse Width   Fast    RAMD32/CLK          n/a            1.130         5.000       3.870      SLICE_X46Y53  multi_protocol_bd_i/axi_smc_0/inst/s00_nodes/s00_ar_node/inst/inst_mi_handler/gen_normal_area.inst_fifo_node_payld/gen_xpm_memory_fifo.inst_fifo/gen_mem_rep[0].inst_xpm_memory/xpm_memory_base_inst/gen_wr_a.gen_word_narrow.mem_reg_0_31_78_83/RAMB/CLK
Low Pulse Width   Fast    RAMD32/CLK          n/a            1.130         5.000       3.870      SLICE_X46Y53  multi_protocol_bd_i/axi_smc_0/inst/s00_nodes/s00_ar_node/inst/inst_mi_handler/gen_normal_area.inst_fifo_node_payld/gen_xpm_memory_fifo.inst_fifo/gen_mem_rep[0].inst_xpm_memory/xpm_memory_base_inst/gen_wr_a.gen_word_narrow.mem_reg_0_31_78_83/RAMB_D1/CLK
Low Pulse Width   Fast    RAMD32/CLK          n/a            1.130         5.000       3.870      SLICE_X46Y53  multi_protocol_bd_i/axi_smc_0/inst/s00_nodes/s00_ar_node/inst/inst_mi_handler/gen_normal_area.inst_fifo_node_payld/gen_xpm_memory_fifo.inst_fifo/gen_mem_rep[0].inst_xpm_memory/xpm_memory_base_inst/gen_wr_a.gen_word_narrow.mem_reg_0_31_78_83/RAMC/CLK
Low Pulse Width   Fast    RAMD32/CLK          n/a            1.130         5.000       3.870      SLICE_X46Y53  multi_protocol_bd_i/axi_smc_0/inst/s00_nodes/s00_ar_node/inst/inst_mi_handler/gen_normal_area.inst_fifo_node_payld/gen_xpm_memory_fifo.inst_fifo/gen_mem_rep[0].inst_xpm_memory/xpm_memory_base_inst/gen_wr_a.gen_word_narrow.mem_reg_0_31_78_83/RAMC_D1/CLK
Low Pulse Width   Fast    RAMS32/CLK          n/a            1.130         5.000       3.870      SLICE_X46Y53  multi_protocol_bd_i/axi_smc_0/inst/s00_nodes/s00_ar_node/inst/inst_mi_handler/gen_normal_area.inst_fifo_node_payld/gen_xpm_memory_fifo.inst_fifo/gen_mem_rep[0].inst_xpm_memory/xpm_memory_base_inst/gen_wr_a.gen_word_narrow.mem_reg_0_31_78_83/RAMD/CLK
Low Pulse Width   Fast    RAMS32/CLK          n/a            1.130         5.000       3.870      SLICE_X46Y53  multi_protocol_bd_i/axi_smc_0/inst/s00_nodes/s00_ar_node/inst/inst_mi_handler/gen_normal_area.inst_fifo_node_payld/gen_xpm_memory_fifo.inst_fifo/gen_mem_rep[0].inst_xpm_memory/xpm_memory_base_inst/gen_wr_a.gen_word_narrow.mem_reg_0_31_78_83/RAMD_D1/CLK
Low Pulse Width   Fast    RAMD32/CLK          n/a            1.130         5.000       3.870      SLICE_X46Y51  multi_protocol_bd_i/axi_smc_0/inst/s00_nodes/s00_ar_node/inst/inst_mi_handler/gen_normal_area.inst_fifo_node_payld/gen_xpm_memory_fifo.inst_fifo/gen_mem_rep[0].inst_xpm_memory/xpm_memory_base_inst/gen_wr_a.gen_word_narrow.mem_reg_0_31_84_89/RAMA/CLK
Low Pulse Width   Fast    RAMD32/CLK          n/a            1.130         5.000       3.870      SLICE_X46Y51  multi_protocol_bd_i/axi_smc_0/inst/s00_nodes/s00_ar_node/inst/inst_mi_handler/gen_normal_area.inst_fifo_node_payld/gen_xpm_memory_fifo.inst_fifo/gen_mem_rep[0].inst_xpm_memory/xpm_memory_base_inst/gen_wr_a.gen_word_narrow.mem_reg_0_31_84_89/RAMA_D1/CLK
Low Pulse Width   Fast    RAMD32/CLK          n/a            1.130         5.000       3.870      SLICE_X46Y51  multi_protocol_bd_i/axi_smc_0/inst/s00_nodes/s00_ar_node/inst/inst_mi_handler/gen_normal_area.inst_fifo_node_payld/gen_xpm_memory_fifo.inst_fifo/gen_mem_rep[0].inst_xpm_memory/xpm_memory_base_inst/gen_wr_a.gen_word_narrow.mem_reg_0_31_84_89/RAMB/CLK
Low Pulse Width   Fast    RAMD32/CLK          n/a            1.130         5.000       3.870      SLICE_X46Y51  multi_protocol_bd_i/axi_smc_0/inst/s00_nodes/s00_ar_node/inst/inst_mi_handler/gen_normal_area.inst_fifo_node_payld/gen_xpm_memory_fifo.inst_fifo/gen_mem_rep[0].inst_xpm_memory/xpm_memory_base_inst/gen_wr_a.gen_word_narrow.mem_reg_0_31_84_89/RAMB_D1/CLK
High Pulse Width  Slow    RAMD32/CLK          n/a            1.130         5.000       3.870      SLICE_X46Y53  multi_protocol_bd_i/axi_smc_0/inst/s00_nodes/s00_ar_node/inst/inst_mi_handler/gen_normal_area.inst_fifo_node_payld/gen_xpm_memory_fifo.inst_fifo/gen_mem_rep[0].inst_xpm_memory/xpm_memory_base_inst/gen_wr_a.gen_word_narrow.mem_reg_0_31_78_83/RAMB/CLK
High Pulse Width  Slow    RAMD32/CLK          n/a            1.130         5.000       3.870      SLICE_X46Y53  multi_protocol_bd_i/axi_smc_0/inst/s00_nodes/s00_ar_node/inst/inst_mi_handler/gen_normal_area.inst_fifo_node_payld/gen_xpm_memory_fifo.inst_fifo/gen_mem_rep[0].inst_xpm_memory/xpm_memory_base_inst/gen_wr_a.gen_word_narrow.mem_reg_0_31_78_83/RAMB_D1/CLK
High Pulse Width  Slow    RAMD32/CLK          n/a            1.130         5.000       3.870      SLICE_X46Y53  multi_protocol_bd_i/axi_smc_0/inst/s00_nodes/s00_ar_node/inst/inst_mi_handler/gen_normal_area.inst_fifo_node_payld/gen_xpm_memory_fifo.inst_fifo/gen_mem_rep[0].inst_xpm_memory/xpm_memory_base_inst/gen_wr_a.gen_word_narrow.mem_reg_0_31_78_83/RAMC/CLK
High Pulse Width  Slow    RAMD32/CLK          n/a            1.130         5.000       3.870      SLICE_X46Y53  multi_protocol_bd_i/axi_smc_0/inst/s00_nodes/s00_ar_node/inst/inst_mi_handler/gen_normal_area.inst_fifo_node_payld/gen_xpm_memory_fifo.inst_fifo/gen_mem_rep[0].inst_xpm_memory/xpm_memory_base_inst/gen_wr_a.gen_word_narrow.mem_reg_0_31_78_83/RAMC_D1/CLK
High Pulse Width  Slow    RAMS32/CLK          n/a            1.130         5.000       3.870      SLICE_X46Y53  multi_protocol_bd_i/axi_smc_0/inst/s00_nodes/s00_ar_node/inst/inst_mi_handler/gen_normal_area.inst_fifo_node_payld/gen_xpm_memory_fifo.inst_fifo/gen_mem_rep[0].inst_xpm_memory/xpm_memory_base_inst/gen_wr_a.gen_word_narrow.mem_reg_0_31_78_83/RAMD/CLK
High Pulse Width  Slow    RAMS32/CLK          n/a            1.130         5.000       3.870      SLICE_X46Y53  multi_protocol_bd_i/axi_smc_0/inst/s00_nodes/s00_ar_node/inst/inst_mi_handler/gen_normal_area.inst_fifo_node_payld/gen_xpm_memory_fifo.inst_fifo/gen_mem_rep[0].inst_xpm_memory/xpm_memory_base_inst/gen_wr_a.gen_word_narrow.mem_reg_0_31_78_83/RAMD_D1/CLK
High Pulse Width  Slow    RAMD32/CLK          n/a            1.130         5.000       3.870      SLICE_X46Y51  multi_protocol_bd_i/axi_smc_0/inst/s00_nodes/s00_ar_node/inst/inst_mi_handler/gen_normal_area.inst_fifo_node_payld/gen_xpm_memory_fifo.inst_fifo/gen_mem_rep[0].inst_xpm_memory/xpm_memory_base_inst/gen_wr_a.gen_word_narrow.mem_reg_0_31_84_89/RAMA/CLK
High Pulse Width  Slow    RAMD32/CLK          n/a            1.130         5.000       3.870      SLICE_X46Y51  multi_protocol_bd_i/axi_smc_0/inst/s00_nodes/s00_ar_node/inst/inst_mi_handler/gen_normal_area.inst_fifo_node_payld/gen_xpm_memory_fifo.inst_fifo/gen_mem_rep[0].inst_xpm_memory/xpm_memory_base_inst/gen_wr_a.gen_word_narrow.mem_reg_0_31_84_89/RAMA_D1/CLK
High Pulse Width  Slow    RAMD32/CLK          n/a            1.130         5.000       3.870      SLICE_X46Y51  multi_protocol_bd_i/axi_smc_0/inst/s00_nodes/s00_ar_node/inst/inst_mi_handler/gen_normal_area.inst_fifo_node_payld/gen_xpm_memory_fifo.inst_fifo/gen_mem_rep[0].inst_xpm_memory/xpm_memory_base_inst/gen_wr_a.gen_word_narrow.mem_reg_0_31_84_89/RAMB/CLK
High Pulse Width  Slow    RAMD32/CLK          n/a            1.130         5.000       3.870      SLICE_X46Y51  multi_protocol_bd_i/axi_smc_0/inst/s00_nodes/s00_ar_node/inst/inst_mi_handler/gen_normal_area.inst_fifo_node_payld/gen_xpm_memory_fifo.inst_fifo/gen_mem_rep[0].inst_xpm_memory/xpm_memory_base_inst/gen_wr_a.gen_word_narrow.mem_reg_0_31_84_89/RAMB_D1/CLK



---------------------------------------------------------------------------------------------------
From Clock:  clk_fpga_1
  To Clock:  clk_fpga_1

Setup :            0  Failing Endpoints,  Worst Slack       19.038ns,  Total Violation        0.000ns
Hold  :            0  Failing Endpoints,  Worst Slack        0.065ns,  Total Violation        0.000ns
PW    :            0  Failing Endpoints,  Worst Slack       14.424ns,  Total Violation        0.000ns
---------------------------------------------------------------------------------------------------


Max Delay Paths
--------------------------------------------------------------------------------------
Slack (MET) :             19.038ns  (required time - arrival time)
  Source:                 multi_protocol_bd_i/v_tc_0/U0/U_VIDEO_CTRL/AXI4_LITE_INTERFACE.soft_resetn_reg/C
                            (rising edge-triggered cell FDRE clocked by clk_fpga_1  {rise@0.000ns fall@15.278ns period=30.555ns})
  Destination:            multi_protocol_bd_i/v_tc_0/U0/U_VIDEO_CTRL/AXI4_LITE_INTERFACE.time_control_regs2_int_reg[19][4]/S
                            (rising edge-triggered cell FDSE clocked by clk_fpga_1  {rise@0.000ns fall@15.278ns period=30.555ns})
  Path Group:             clk_fpga_1
  Path Type:              Setup (Max at Slow Process Corner)
  Requirement:            30.555ns  (clk_fpga_1 rise@30.555ns - clk_fpga_1 rise@0.000ns)
  Data Path Delay:        10.442ns  (logic 0.484ns (4.635%)  route 9.958ns (95.365%))
  Logic Levels:           1  (LUT1=1)
  Clock Path Skew:        -0.263ns (DCD - SCD + CPR)
    Destination Clock Delay (DCD):    2.269ns = ( 32.824 - 30.555 ) 
    Source Clock Delay      (SCD):    2.640ns
    Clock Pessimism Removal (CPR):    0.109ns
  Clock Uncertainty:      0.460ns  ((TSJ^2 + TIJ^2)^1/2 + DJ) / 2 + PE
    Total System Jitter     (TSJ):    0.071ns
    Total Input Jitter      (TIJ):    0.917ns
    Discrete Jitter          (DJ):    0.000ns
    Phase Error              (PE):    0.000ns

    Location             Delay type                Incr(ns)  Path(ns)    Netlist Resource(s)
  -------------------------------------------------------------------    -------------------
                         (clock clk_fpga_1 rise edge)
                                                      0.000     0.000 r  
    PS7_X0Y0             PS7                          0.000     0.000 r  multi_protocol_bd_i/processing_system7_0/inst/PS7_i/FCLKCLK[1]
                         net (fo=1, routed)           0.994     0.994    multi_protocol_bd_i/processing_system7_0/inst/FCLK_CLK_unbuffered[1]
    BUFGCTRL_X0Y16       BUFG (Prop_bufg_I_O)         0.085     1.079 r  multi_protocol_bd_i/processing_system7_0/inst/buffer_fclk_clk_1.FCLK_CLK_1_BUFG/O
                         net (fo=2462, routed)        1.561     2.640    multi_protocol_bd_i/v_tc_0/U0/U_VIDEO_CTRL/vid_aclk
    SLICE_X35Y106        FDRE                                         r  multi_protocol_bd_i/v_tc_0/U0/U_VIDEO_CTRL/AXI4_LITE_INTERFACE.soft_resetn_reg/C
  -------------------------------------------------------------------    -------------------
    SLICE_X35Y106        FDRE (Prop_fdre_C_Q)         0.379     3.019 f  multi_protocol_bd_i/v_tc_0/U0/U_VIDEO_CTRL/AXI4_LITE_INTERFACE.soft_resetn_reg/Q
                         net (fo=65, routed)          4.364     7.383    multi_protocol_bd_i/v_tc_0/U0/U_VIDEO_CTRL/resetn_out
    SLICE_X57Y119        LUT1 (Prop_lut1_I0_O)        0.105     7.488 r  multi_protocol_bd_i/v_tc_0/U0/U_VIDEO_CTRL/GEN_HAS_IRQ.irq_i_1/O
                         net (fo=1030, routed)        5.594    13.082    multi_protocol_bd_i/v_tc_0/U0/U_VIDEO_CTRL/GEN_HAS_IRQ.irq_i_1_n_0
    SLICE_X60Y99         FDSE                                         r  multi_protocol_bd_i/v_tc_0/U0/U_VIDEO_CTRL/AXI4_LITE_INTERFACE.time_control_regs2_int_reg[19][4]/S
  -------------------------------------------------------------------    -------------------

                         (clock clk_fpga_1 rise edge)
                                                     30.555    30.555 r  
    PS7_X0Y0             PS7                          0.000    30.555 r  multi_protocol_bd_i/processing_system7_0/inst/PS7_i/FCLKCLK[1]
                         net (fo=1, routed)           0.905    31.461    multi_protocol_bd_i/processing_system7_0/inst/FCLK_CLK_unbuffered[1]
    BUFGCTRL_X0Y16       BUFG (Prop_bufg_I_O)         0.077    31.538 r  multi_protocol_bd_i/processing_system7_0/inst/buffer_fclk_clk_1.FCLK_CLK_1_BUFG/O
                         net (fo=2462, routed)        1.286    32.824    multi_protocol_bd_i/v_tc_0/U0/U_VIDEO_CTRL/vid_aclk
    SLICE_X60Y99         FDSE                                         r  multi_protocol_bd_i/v_tc_0/U0/U_VIDEO_CTRL/AXI4_LITE_INTERFACE.time_control_regs2_int_reg[19][4]/C
                         clock pessimism              0.109    32.932    
                         clock uncertainty           -0.460    32.472    
    SLICE_X60Y99         FDSE (Setup_fdse_C_S)       -0.352    32.120    multi_protocol_bd_i/v_tc_0/U0/U_VIDEO_CTRL/AXI4_LITE_INTERFACE.time_control_regs2_int_reg[19][4]
  -------------------------------------------------------------------
                         required time                         32.120    
                         arrival time                         -13.082    
  -------------------------------------------------------------------
                         slack                                 19.038    

Slack (MET) :             19.038ns  (required time - arrival time)
  Source:                 multi_protocol_bd_i/v_tc_0/U0/U_VIDEO_CTRL/AXI4_LITE_INTERFACE.soft_resetn_reg/C
                            (rising edge-triggered cell FDRE clocked by clk_fpga_1  {rise@0.000ns fall@15.278ns period=30.555ns})
  Destination:            multi_protocol_bd_i/v_tc_0/U0/U_VIDEO_CTRL/AXI4_LITE_INTERFACE.time_control_regs2_int_reg[20][2]/R
                            (rising edge-triggered cell FDRE clocked by clk_fpga_1  {rise@0.000ns fall@15.278ns period=30.555ns})
  Path Group:             clk_fpga_1
  Path Type:              Setup (Max at Slow Process Corner)
  Requirement:            30.555ns  (clk_fpga_1 rise@30.555ns - clk_fpga_1 rise@0.000ns)
  Data Path Delay:        10.442ns  (logic 0.484ns (4.635%)  route 9.958ns (95.365%))
  Logic Levels:           1  (LUT1=1)
  Clock Path Skew:        -0.263ns (DCD - SCD + CPR)
    Destination Clock Delay (DCD):    2.269ns = ( 32.824 - 30.555 ) 
    Source Clock Delay      (SCD):    2.640ns
    Clock Pessimism Removal (CPR):    0.109ns
  Clock Uncertainty:      0.460ns  ((TSJ^2 + TIJ^2)^1/2 + DJ) / 2 + PE
    Total System Jitter     (TSJ):    0.071ns
    Total Input Jitter      (TIJ):    0.917ns
    Discrete Jitter          (DJ):    0.000ns
    Phase Error              (PE):    0.000ns

    Location             Delay type                Incr(ns)  Path(ns)    Netlist Resource(s)
  -------------------------------------------------------------------    -------------------
                         (clock clk_fpga_1 rise edge)
                                                      0.000     0.000 r  
    PS7_X0Y0             PS7                          0.000     0.000 r  multi_protocol_bd_i/processing_system7_0/inst/PS7_i/FCLKCLK[1]
                         net (fo=1, routed)           0.994     0.994    multi_protocol_bd_i/processing_system7_0/inst/FCLK_CLK_unbuffered[1]
    BUFGCTRL_X0Y16       BUFG (Prop_bufg_I_O)         0.085     1.079 r  multi_protocol_bd_i/processing_system7_0/inst/buffer_fclk_clk_1.FCLK_CLK_1_BUFG/O
                         net (fo=2462, routed)        1.561     2.640    multi_protocol_bd_i/v_tc_0/U0/U_VIDEO_CTRL/vid_aclk
    SLICE_X35Y106        FDRE                                         r  multi_protocol_bd_i/v_tc_0/U0/U_VIDEO_CTRL/AXI4_LITE_INTERFACE.soft_resetn_reg/C
  -------------------------------------------------------------------    -------------------
    SLICE_X35Y106        FDRE (Prop_fdre_C_Q)         0.379     3.019 f  multi_protocol_bd_i/v_tc_0/U0/U_VIDEO_CTRL/AXI4_LITE_INTERFACE.soft_resetn_reg/Q
                         net (fo=65, routed)          4.364     7.383    multi_protocol_bd_i/v_tc_0/U0/U_VIDEO_CTRL/resetn_out
    SLICE_X57Y119        LUT1 (Prop_lut1_I0_O)        0.105     7.488 r  multi_protocol_bd_i/v_tc_0/U0/U_VIDEO_CTRL/GEN_HAS_IRQ.irq_i_1/O
                         net (fo=1030, routed)        5.594    13.082    multi_protocol_bd_i/v_tc_0/U0/U_VIDEO_CTRL/GEN_HAS_IRQ.irq_i_1_n_0
    SLICE_X60Y99         FDRE                                         r  multi_protocol_bd_i/v_tc_0/U0/U_VIDEO_CTRL/AXI4_LITE_INTERFACE.time_control_regs2_int_reg[20][2]/R
  -------------------------------------------------------------------    -------------------

                         (clock clk_fpga_1 rise edge)
                                                     30.555    30.555 r  
    PS7_X0Y0             PS7                          0.000    30.555 r  multi_protocol_bd_i/processing_system7_0/inst/PS7_i/FCLKCLK[1]
                         net (fo=1, routed)           0.905    31.461    multi_protocol_bd_i/processing_system7_0/inst/FCLK_CLK_unbuffered[1]
    BUFGCTRL_X0Y16       BUFG (Prop_bufg_I_O)         0.077    31.538 r  multi_protocol_bd_i/processing_system7_0/inst/buffer_fclk_clk_1.FCLK_CLK_1_BUFG/O
                         net (fo=2462, routed)        1.286    32.824    multi_protocol_bd_i/v_tc_0/U0/U_VIDEO_CTRL/vid_aclk
    SLICE_X60Y99         FDRE                                         r  multi_protocol_bd_i/v_tc_0/U0/U_VIDEO_CTRL/AXI4_LITE_INTERFACE.time_control_regs2_int_reg[20][2]/C
                         clock pessimism              0.109    32.932    
                         clock uncertainty           -0.460    32.472    
    SLICE_X60Y99         FDRE (Setup_fdre_C_R)       -0.352    32.120    multi_protocol_bd_i/v_tc_0/U0/U_VIDEO_CTRL/AXI4_LITE_INTERFACE.time_control_regs2_int_reg[20][2]
  -------------------------------------------------------------------
                         required time                         32.120    
                         arrival time                         -13.082    
  -------------------------------------------------------------------
                         slack                                 19.038    

Slack (MET) :             19.038ns  (required time - arrival time)
  Source:                 multi_protocol_bd_i/v_tc_0/U0/U_VIDEO_CTRL/AXI4_LITE_INTERFACE.soft_resetn_reg/C
                            (rising edge-triggered cell FDRE clocked by clk_fpga_1  {rise@0.000ns fall@15.278ns period=30.555ns})
  Destination:            multi_protocol_bd_i/v_tc_0/U0/U_VIDEO_CTRL/AXI4_LITE_INTERFACE.time_control_regs2_int_reg[22][0]/R
                            (rising edge-triggered cell FDRE clocked by clk_fpga_1  {rise@0.000ns fall@15.278ns period=30.555ns})
  Path Group:             clk_fpga_1
  Path Type:              Setup (Max at Slow Process Corner)
  Requirement:            30.555ns  (clk_fpga_1 rise@30.555ns - clk_fpga_1 rise@0.000ns)
  Data Path Delay:        10.442ns  (logic 0.484ns (4.635%)  route 9.958ns (95.365%))
  Logic Levels:           1  (LUT1=1)
  Clock Path Skew:        -0.263ns (DCD - SCD + CPR)
    Destination Clock Delay (DCD):    2.269ns = ( 32.824 - 30.555 ) 
    Source Clock Delay      (SCD):    2.640ns
    Clock Pessimism Removal (CPR):    0.109ns
  Clock Uncertainty:      0.460ns  ((TSJ^2 + TIJ^2)^1/2 + DJ) / 2 + PE
    Total System Jitter     (TSJ):    0.071ns
    Total Input Jitter      (TIJ):    0.917ns
    Discrete Jitter          (DJ):    0.000ns
    Phase Error              (PE):    0.000ns

    Location             Delay type                Incr(ns)  Path(ns)    Netlist Resource(s)
  -------------------------------------------------------------------    -------------------
                         (clock clk_fpga_1 rise edge)
                                                      0.000     0.000 r  
    PS7_X0Y0             PS7                          0.000     0.000 r  multi_protocol_bd_i/processing_system7_0/inst/PS7_i/FCLKCLK[1]
                         net (fo=1, routed)           0.994     0.994    multi_protocol_bd_i/processing_system7_0/inst/FCLK_CLK_unbuffered[1]
    BUFGCTRL_X0Y16       BUFG (Prop_bufg_I_O)         0.085     1.079 r  multi_protocol_bd_i/processing_system7_0/inst/buffer_fclk_clk_1.FCLK_CLK_1_BUFG/O
                         net (fo=2462, routed)        1.561     2.640    multi_protocol_bd_i/v_tc_0/U0/U_VIDEO_CTRL/vid_aclk
    SLICE_X35Y106        FDRE                                         r  multi_protocol_bd_i/v_tc_0/U0/U_VIDEO_CTRL/AXI4_LITE_INTERFACE.soft_resetn_reg/C
  -------------------------------------------------------------------    -------------------
    SLICE_X35Y106        FDRE (Prop_fdre_C_Q)         0.379     3.019 f  multi_protocol_bd_i/v_tc_0/U0/U_VIDEO_CTRL/AXI4_LITE_INTERFACE.soft_resetn_reg/Q
                         net (fo=65, routed)          4.364     7.383    multi_protocol_bd_i/v_tc_0/U0/U_VIDEO_CTRL/resetn_out
    SLICE_X57Y119        LUT1 (Prop_lut1_I0_O)        0.105     7.488 r  multi_protocol_bd_i/v_tc_0/U0/U_VIDEO_CTRL/GEN_HAS_IRQ.irq_i_1/O
                         net (fo=1030, routed)        5.594    13.082    multi_protocol_bd_i/v_tc_0/U0/U_VIDEO_CTRL/GEN_HAS_IRQ.irq_i_1_n_0
    SLICE_X60Y99         FDRE                                         r  multi_protocol_bd_i/v_tc_0/U0/U_VIDEO_CTRL/AXI4_LITE_INTERFACE.time_control_regs2_int_reg[22][0]/R
  -------------------------------------------------------------------    -------------------

                         (clock clk_fpga_1 rise edge)
                                                     30.555    30.555 r  
    PS7_X0Y0             PS7                          0.000    30.555 r  multi_protocol_bd_i/processing_system7_0/inst/PS7_i/FCLKCLK[1]
                         net (fo=1, routed)           0.905    31.461    multi_protocol_bd_i/processing_system7_0/inst/FCLK_CLK_unbuffered[1]
    BUFGCTRL_X0Y16       BUFG (Prop_bufg_I_O)         0.077    31.538 r  multi_protocol_bd_i/processing_system7_0/inst/buffer_fclk_clk_1.FCLK_CLK_1_BUFG/O
                         net (fo=2462, routed)        1.286    32.824    multi_protocol_bd_i/v_tc_0/U0/U_VIDEO_CTRL/vid_aclk
    SLICE_X60Y99         FDRE                                         r  multi_protocol_bd_i/v_tc_0/U0/U_VIDEO_CTRL/AXI4_LITE_INTERFACE.time_control_regs2_int_reg[22][0]/C
                         clock pessimism              0.109    32.932    
                         clock uncertainty           -0.460    32.472    
    SLICE_X60Y99         FDRE (Setup_fdre_C_R)       -0.352    32.120    multi_protocol_bd_i/v_tc_0/U0/U_VIDEO_CTRL/AXI4_LITE_INTERFACE.time_control_regs2_int_reg[22][0]
  -------------------------------------------------------------------
                         required time                         32.120    
                         arrival time                         -13.082    
  -------------------------------------------------------------------
                         slack                                 19.038    

Slack (MET) :             19.038ns  (required time - arrival time)
  Source:                 multi_protocol_bd_i/v_tc_0/U0/U_VIDEO_CTRL/AXI4_LITE_INTERFACE.soft_resetn_reg/C
                            (rising edge-triggered cell FDRE clocked by clk_fpga_1  {rise@0.000ns fall@15.278ns period=30.555ns})
  Destination:            multi_protocol_bd_i/v_tc_0/U0/U_VIDEO_CTRL/AXI4_LITE_INTERFACE.time_control_regs2_int_reg[22][4]/R
                            (rising edge-triggered cell FDRE clocked by clk_fpga_1  {rise@0.000ns fall@15.278ns period=30.555ns})
  Path Group:             clk_fpga_1
  Path Type:              Setup (Max at Slow Process Corner)
  Requirement:            30.555ns  (clk_fpga_1 rise@30.555ns - clk_fpga_1 rise@0.000ns)
  Data Path Delay:        10.442ns  (logic 0.484ns (4.635%)  route 9.958ns (95.365%))
  Logic Levels:           1  (LUT1=1)
  Clock Path Skew:        -0.263ns (DCD - SCD + CPR)
    Destination Clock Delay (DCD):    2.269ns = ( 32.824 - 30.555 ) 
    Source Clock Delay      (SCD):    2.640ns
    Clock Pessimism Removal (CPR):    0.109ns
  Clock Uncertainty:      0.460ns  ((TSJ^2 + TIJ^2)^1/2 + DJ) / 2 + PE
    Total System Jitter     (TSJ):    0.071ns
    Total Input Jitter      (TIJ):    0.917ns
    Discrete Jitter          (DJ):    0.000ns
    Phase Error              (PE):    0.000ns

    Location             Delay type                Incr(ns)  Path(ns)    Netlist Resource(s)
  -------------------------------------------------------------------    -------------------
                         (clock clk_fpga_1 rise edge)
                                                      0.000     0.000 r  
    PS7_X0Y0             PS7                          0.000     0.000 r  multi_protocol_bd_i/processing_system7_0/inst/PS7_i/FCLKCLK[1]
                         net (fo=1, routed)           0.994     0.994    multi_protocol_bd_i/processing_system7_0/inst/FCLK_CLK_unbuffered[1]
    BUFGCTRL_X0Y16       BUFG (Prop_bufg_I_O)         0.085     1.079 r  multi_protocol_bd_i/processing_system7_0/inst/buffer_fclk_clk_1.FCLK_CLK_1_BUFG/O
                         net (fo=2462, routed)        1.561     2.640    multi_protocol_bd_i/v_tc_0/U0/U_VIDEO_CTRL/vid_aclk
    SLICE_X35Y106        FDRE                                         r  multi_protocol_bd_i/v_tc_0/U0/U_VIDEO_CTRL/AXI4_LITE_INTERFACE.soft_resetn_reg/C
  -------------------------------------------------------------------    -------------------
    SLICE_X35Y106        FDRE (Prop_fdre_C_Q)         0.379     3.019 f  multi_protocol_bd_i/v_tc_0/U0/U_VIDEO_CTRL/AXI4_LITE_INTERFACE.soft_resetn_reg/Q
                         net (fo=65, routed)          4.364     7.383    multi_protocol_bd_i/v_tc_0/U0/U_VIDEO_CTRL/resetn_out
    SLICE_X57Y119        LUT1 (Prop_lut1_I0_O)        0.105     7.488 r  multi_protocol_bd_i/v_tc_0/U0/U_VIDEO_CTRL/GEN_HAS_IRQ.irq_i_1/O
                         net (fo=1030, routed)        5.594    13.082    multi_protocol_bd_i/v_tc_0/U0/U_VIDEO_CTRL/GEN_HAS_IRQ.irq_i_1_n_0
    SLICE_X60Y99         FDRE                                         r  multi_protocol_bd_i/v_tc_0/U0/U_VIDEO_CTRL/AXI4_LITE_INTERFACE.time_control_regs2_int_reg[22][4]/R
  -------------------------------------------------------------------    -------------------

                         (clock clk_fpga_1 rise edge)
                                                     30.555    30.555 r  
    PS7_X0Y0             PS7                          0.000    30.555 r  multi_protocol_bd_i/processing_system7_0/inst/PS7_i/FCLKCLK[1]
                         net (fo=1, routed)           0.905    31.461    multi_protocol_bd_i/processing_system7_0/inst/FCLK_CLK_unbuffered[1]
    BUFGCTRL_X0Y16       BUFG (Prop_bufg_I_O)         0.077    31.538 r  multi_protocol_bd_i/processing_system7_0/inst/buffer_fclk_clk_1.FCLK_CLK_1_BUFG/O
                         net (fo=2462, routed)        1.286    32.824    multi_protocol_bd_i/v_tc_0/U0/U_VIDEO_CTRL/vid_aclk
    SLICE_X60Y99         FDRE                                         r  multi_protocol_bd_i/v_tc_0/U0/U_VIDEO_CTRL/AXI4_LITE_INTERFACE.time_control_regs2_int_reg[22][4]/C
                         clock pessimism              0.109    32.932    
                         clock uncertainty           -0.460    32.472    
    SLICE_X60Y99         FDRE (Setup_fdre_C_R)       -0.352    32.120    multi_protocol_bd_i/v_tc_0/U0/U_VIDEO_CTRL/AXI4_LITE_INTERFACE.time_control_regs2_int_reg[22][4]
  -------------------------------------------------------------------
                         required time                         32.120    
                         arrival time                         -13.082    
  -------------------------------------------------------------------
                         slack                                 19.038    

Slack (MET) :             19.038ns  (required time - arrival time)
  Source:                 multi_protocol_bd_i/v_tc_0/U0/U_VIDEO_CTRL/AXI4_LITE_INTERFACE.soft_resetn_reg/C
                            (rising edge-triggered cell FDRE clocked by clk_fpga_1  {rise@0.000ns fall@15.278ns period=30.555ns})
  Destination:            multi_protocol_bd_i/v_tc_0/U0/U_VIDEO_CTRL/AXI4_LITE_INTERFACE.time_control_regs2_int_reg[23][0]/R
                            (rising edge-triggered cell FDRE clocked by clk_fpga_1  {rise@0.000ns fall@15.278ns period=30.555ns})
  Path Group:             clk_fpga_1
  Path Type:              Setup (Max at Slow Process Corner)
  Requirement:            30.555ns  (clk_fpga_1 rise@30.555ns - clk_fpga_1 rise@0.000ns)
  Data Path Delay:        10.442ns  (logic 0.484ns (4.635%)  route 9.958ns (95.365%))
  Logic Levels:           1  (LUT1=1)
  Clock Path Skew:        -0.263ns (DCD - SCD + CPR)
    Destination Clock Delay (DCD):    2.269ns = ( 32.824 - 30.555 ) 
    Source Clock Delay      (SCD):    2.640ns
    Clock Pessimism Removal (CPR):    0.109ns
  Clock Uncertainty:      0.460ns  ((TSJ^2 + TIJ^2)^1/2 + DJ) / 2 + PE
    Total System Jitter     (TSJ):    0.071ns
    Total Input Jitter      (TIJ):    0.917ns
    Discrete Jitter          (DJ):    0.000ns
    Phase Error              (PE):    0.000ns

    Location             Delay type                Incr(ns)  Path(ns)    Netlist Resource(s)
  -------------------------------------------------------------------    -------------------
                         (clock clk_fpga_1 rise edge)
                                                      0.000     0.000 r  
    PS7_X0Y0             PS7                          0.000     0.000 r  multi_protocol_bd_i/processing_system7_0/inst/PS7_i/FCLKCLK[1]
                         net (fo=1, routed)           0.994     0.994    multi_protocol_bd_i/processing_system7_0/inst/FCLK_CLK_unbuffered[1]
    BUFGCTRL_X0Y16       BUFG (Prop_bufg_I_O)         0.085     1.079 r  multi_protocol_bd_i/processing_system7_0/inst/buffer_fclk_clk_1.FCLK_CLK_1_BUFG/O
                         net (fo=2462, routed)        1.561     2.640    multi_protocol_bd_i/v_tc_0/U0/U_VIDEO_CTRL/vid_aclk
    SLICE_X35Y106        FDRE                                         r  multi_protocol_bd_i/v_tc_0/U0/U_VIDEO_CTRL/AXI4_LITE_INTERFACE.soft_resetn_reg/C
  -------------------------------------------------------------------    -------------------
    SLICE_X35Y106        FDRE (Prop_fdre_C_Q)         0.379     3.019 f  multi_protocol_bd_i/v_tc_0/U0/U_VIDEO_CTRL/AXI4_LITE_INTERFACE.soft_resetn_reg/Q
                         net (fo=65, routed)          4.364     7.383    multi_protocol_bd_i/v_tc_0/U0/U_VIDEO_CTRL/resetn_out
    SLICE_X57Y119        LUT1 (Prop_lut1_I0_O)        0.105     7.488 r  multi_protocol_bd_i/v_tc_0/U0/U_VIDEO_CTRL/GEN_HAS_IRQ.irq_i_1/O
                         net (fo=1030, routed)        5.594    13.082    multi_protocol_bd_i/v_tc_0/U0/U_VIDEO_CTRL/GEN_HAS_IRQ.irq_i_1_n_0
    SLICE_X60Y99         FDRE                                         r  multi_protocol_bd_i/v_tc_0/U0/U_VIDEO_CTRL/AXI4_LITE_INTERFACE.time_control_regs2_int_reg[23][0]/R
  -------------------------------------------------------------------    -------------------

                         (clock clk_fpga_1 rise edge)
                                                     30.555    30.555 r  
    PS7_X0Y0             PS7                          0.000    30.555 r  multi_protocol_bd_i/processing_system7_0/inst/PS7_i/FCLKCLK[1]
                         net (fo=1, routed)           0.905    31.461    multi_protocol_bd_i/processing_system7_0/inst/FCLK_CLK_unbuffered[1]
    BUFGCTRL_X0Y16       BUFG (Prop_bufg_I_O)         0.077    31.538 r  multi_protocol_bd_i/processing_system7_0/inst/buffer_fclk_clk_1.FCLK_CLK_1_BUFG/O
                         net (fo=2462, routed)        1.286    32.824    multi_protocol_bd_i/v_tc_0/U0/U_VIDEO_CTRL/vid_aclk
    SLICE_X60Y99         FDRE                                         r  multi_protocol_bd_i/v_tc_0/U0/U_VIDEO_CTRL/AXI4_LITE_INTERFACE.time_control_regs2_int_reg[23][0]/C
                         clock pessimism              0.109    32.932    
                         clock uncertainty           -0.460    32.472    
    SLICE_X60Y99         FDRE (Setup_fdre_C_R)       -0.352    32.120    multi_protocol_bd_i/v_tc_0/U0/U_VIDEO_CTRL/AXI4_LITE_INTERFACE.time_control_regs2_int_reg[23][0]
  -------------------------------------------------------------------
                         required time                         32.120    
                         arrival time                         -13.082    
  -------------------------------------------------------------------
                         slack                                 19.038    

Slack (MET) :             19.042ns  (required time - arrival time)
  Source:                 multi_protocol_bd_i/v_tc_0/U0/U_VIDEO_CTRL/AXI4_LITE_INTERFACE.soft_resetn_reg/C
                            (rising edge-triggered cell FDRE clocked by clk_fpga_1  {rise@0.000ns fall@15.278ns period=30.555ns})
  Destination:            multi_protocol_bd_i/v_tc_0/U0/U_VIDEO_CTRL/AXI4_LITE_INTERFACE.time_control_regs_int_reg[20][0]/R
                            (rising edge-triggered cell FDRE clocked by clk_fpga_1  {rise@0.000ns fall@15.278ns period=30.555ns})
  Path Group:             clk_fpga_1
  Path Type:              Setup (Max at Slow Process Corner)
  Requirement:            30.555ns  (clk_fpga_1 rise@30.555ns - clk_fpga_1 rise@0.000ns)
  Data Path Delay:        10.438ns  (logic 0.484ns (4.637%)  route 9.954ns (95.363%))
  Logic Levels:           1  (LUT1=1)
  Clock Path Skew:        -0.263ns (DCD - SCD + CPR)
    Destination Clock Delay (DCD):    2.269ns = ( 32.824 - 30.555 ) 
    Source Clock Delay      (SCD):    2.640ns
    Clock Pessimism Removal (CPR):    0.109ns
  Clock Uncertainty:      0.460ns  ((TSJ^2 + TIJ^2)^1/2 + DJ) / 2 + PE
    Total System Jitter     (TSJ):    0.071ns
    Total Input Jitter      (TIJ):    0.917ns
    Discrete Jitter          (DJ):    0.000ns
    Phase Error              (PE):    0.000ns

    Location             Delay type                Incr(ns)  Path(ns)    Netlist Resource(s)
  -------------------------------------------------------------------    -------------------
                         (clock clk_fpga_1 rise edge)
                                                      0.000     0.000 r  
    PS7_X0Y0             PS7                          0.000     0.000 r  multi_protocol_bd_i/processing_system7_0/inst/PS7_i/FCLKCLK[1]
                         net (fo=1, routed)           0.994     0.994    multi_protocol_bd_i/processing_system7_0/inst/FCLK_CLK_unbuffered[1]
    BUFGCTRL_X0Y16       BUFG (Prop_bufg_I_O)         0.085     1.079 r  multi_protocol_bd_i/processing_system7_0/inst/buffer_fclk_clk_1.FCLK_CLK_1_BUFG/O
                         net (fo=2462, routed)        1.561     2.640    multi_protocol_bd_i/v_tc_0/U0/U_VIDEO_CTRL/vid_aclk
    SLICE_X35Y106        FDRE                                         r  multi_protocol_bd_i/v_tc_0/U0/U_VIDEO_CTRL/AXI4_LITE_INTERFACE.soft_resetn_reg/C
  -------------------------------------------------------------------    -------------------
    SLICE_X35Y106        FDRE (Prop_fdre_C_Q)         0.379     3.019 f  multi_protocol_bd_i/v_tc_0/U0/U_VIDEO_CTRL/AXI4_LITE_INTERFACE.soft_resetn_reg/Q
                         net (fo=65, routed)          4.364     7.383    multi_protocol_bd_i/v_tc_0/U0/U_VIDEO_CTRL/resetn_out
    SLICE_X57Y119        LUT1 (Prop_lut1_I0_O)        0.105     7.488 r  multi_protocol_bd_i/v_tc_0/U0/U_VIDEO_CTRL/GEN_HAS_IRQ.irq_i_1/O
                         net (fo=1030, routed)        5.590    13.078    multi_protocol_bd_i/v_tc_0/U0/U_VIDEO_CTRL/GEN_HAS_IRQ.irq_i_1_n_0
    SLICE_X61Y99         FDRE                                         r  multi_protocol_bd_i/v_tc_0/U0/U_VIDEO_CTRL/AXI4_LITE_INTERFACE.time_control_regs_int_reg[20][0]/R
  -------------------------------------------------------------------    -------------------

                         (clock clk_fpga_1 rise edge)
                                                     30.555    30.555 r  
    PS7_X0Y0             PS7                          0.000    30.555 r  multi_protocol_bd_i/processing_system7_0/inst/PS7_i/FCLKCLK[1]
                         net (fo=1, routed)           0.905    31.461    multi_protocol_bd_i/processing_system7_0/inst/FCLK_CLK_unbuffered[1]
    BUFGCTRL_X0Y16       BUFG (Prop_bufg_I_O)         0.077    31.538 r  multi_protocol_bd_i/processing_system7_0/inst/buffer_fclk_clk_1.FCLK_CLK_1_BUFG/O
                         net (fo=2462, routed)        1.286    32.824    multi_protocol_bd_i/v_tc_0/U0/U_VIDEO_CTRL/vid_aclk
    SLICE_X61Y99         FDRE                                         r  multi_protocol_bd_i/v_tc_0/U0/U_VIDEO_CTRL/AXI4_LITE_INTERFACE.time_control_regs_int_reg[20][0]/C
                         clock pessimism              0.109    32.932    
                         clock uncertainty           -0.460    32.472    
    SLICE_X61Y99         FDRE (Setup_fdre_C_R)       -0.352    32.120    multi_protocol_bd_i/v_tc_0/U0/U_VIDEO_CTRL/AXI4_LITE_INTERFACE.time_control_regs_int_reg[20][0]
  -------------------------------------------------------------------
                         required time                         32.120    
                         arrival time                         -13.078    
  -------------------------------------------------------------------
                         slack                                 19.042    

Slack (MET) :             19.042ns  (required time - arrival time)
  Source:                 multi_protocol_bd_i/v_tc_0/U0/U_VIDEO_CTRL/AXI4_LITE_INTERFACE.soft_resetn_reg/C
                            (rising edge-triggered cell FDRE clocked by clk_fpga_1  {rise@0.000ns fall@15.278ns period=30.555ns})
  Destination:            multi_protocol_bd_i/v_tc_0/U0/U_VIDEO_CTRL/AXI4_LITE_INTERFACE.time_control_regs_int_reg[20][1]/R
                            (rising edge-triggered cell FDRE clocked by clk_fpga_1  {rise@0.000ns fall@15.278ns period=30.555ns})
  Path Group:             clk_fpga_1
  Path Type:              Setup (Max at Slow Process Corner)
  Requirement:            30.555ns  (clk_fpga_1 rise@30.555ns - clk_fpga_1 rise@0.000ns)
  Data Path Delay:        10.438ns  (logic 0.484ns (4.637%)  route 9.954ns (95.363%))
  Logic Levels:           1  (LUT1=1)
  Clock Path Skew:        -0.263ns (DCD - SCD + CPR)
    Destination Clock Delay (DCD):    2.269ns = ( 32.824 - 30.555 ) 
    Source Clock Delay      (SCD):    2.640ns
    Clock Pessimism Removal (CPR):    0.109ns
  Clock Uncertainty:      0.460ns  ((TSJ^2 + TIJ^2)^1/2 + DJ) / 2 + PE
    Total System Jitter     (TSJ):    0.071ns
    Total Input Jitter      (TIJ):    0.917ns
    Discrete Jitter          (DJ):    0.000ns
    Phase Error              (PE):    0.000ns

    Location             Delay type                Incr(ns)  Path(ns)    Netlist Resource(s)
  -------------------------------------------------------------------    -------------------
                         (clock clk_fpga_1 rise edge)
                                                      0.000     0.000 r  
    PS7_X0Y0             PS7                          0.000     0.000 r  multi_protocol_bd_i/processing_system7_0/inst/PS7_i/FCLKCLK[1]
                         net (fo=1, routed)           0.994     0.994    multi_protocol_bd_i/processing_system7_0/inst/FCLK_CLK_unbuffered[1]
    BUFGCTRL_X0Y16       BUFG (Prop_bufg_I_O)         0.085     1.079 r  multi_protocol_bd_i/processing_system7_0/inst/buffer_fclk_clk_1.FCLK_CLK_1_BUFG/O
                         net (fo=2462, routed)        1.561     2.640    multi_protocol_bd_i/v_tc_0/U0/U_VIDEO_CTRL/vid_aclk
    SLICE_X35Y106        FDRE                                         r  multi_protocol_bd_i/v_tc_0/U0/U_VIDEO_CTRL/AXI4_LITE_INTERFACE.soft_resetn_reg/C
  -------------------------------------------------------------------    -------------------
    SLICE_X35Y106        FDRE (Prop_fdre_C_Q)         0.379     3.019 f  multi_protocol_bd_i/v_tc_0/U0/U_VIDEO_CTRL/AXI4_LITE_INTERFACE.soft_resetn_reg/Q
                         net (fo=65, routed)          4.364     7.383    multi_protocol_bd_i/v_tc_0/U0/U_VIDEO_CTRL/resetn_out
    SLICE_X57Y119        LUT1 (Prop_lut1_I0_O)        0.105     7.488 r  multi_protocol_bd_i/v_tc_0/U0/U_VIDEO_CTRL/GEN_HAS_IRQ.irq_i_1/O
                         net (fo=1030, routed)        5.590    13.078    multi_protocol_bd_i/v_tc_0/U0/U_VIDEO_CTRL/GEN_HAS_IRQ.irq_i_1_n_0
    SLICE_X61Y99         FDRE                                         r  multi_protocol_bd_i/v_tc_0/U0/U_VIDEO_CTRL/AXI4_LITE_INTERFACE.time_control_regs_int_reg[20][1]/R
  -------------------------------------------------------------------    -------------------

                         (clock clk_fpga_1 rise edge)
                                                     30.555    30.555 r  
    PS7_X0Y0             PS7                          0.000    30.555 r  multi_protocol_bd_i/processing_system7_0/inst/PS7_i/FCLKCLK[1]
                         net (fo=1, routed)           0.905    31.461    multi_protocol_bd_i/processing_system7_0/inst/FCLK_CLK_unbuffered[1]
    BUFGCTRL_X0Y16       BUFG (Prop_bufg_I_O)         0.077    31.538 r  multi_protocol_bd_i/processing_system7_0/inst/buffer_fclk_clk_1.FCLK_CLK_1_BUFG/O
                         net (fo=2462, routed)        1.286    32.824    multi_protocol_bd_i/v_tc_0/U0/U_VIDEO_CTRL/vid_aclk
    SLICE_X61Y99         FDRE                                         r  multi_protocol_bd_i/v_tc_0/U0/U_VIDEO_CTRL/AXI4_LITE_INTERFACE.time_control_regs_int_reg[20][1]/C
                         clock pessimism              0.109    32.932    
                         clock uncertainty           -0.460    32.472    
    SLICE_X61Y99         FDRE (Setup_fdre_C_R)       -0.352    32.120    multi_protocol_bd_i/v_tc_0/U0/U_VIDEO_CTRL/AXI4_LITE_INTERFACE.time_control_regs_int_reg[20][1]
  -------------------------------------------------------------------
                         required time                         32.120    
                         arrival time                         -13.078    
  -------------------------------------------------------------------
                         slack                                 19.042    

Slack (MET) :             19.042ns  (required time - arrival time)
  Source:                 multi_protocol_bd_i/v_tc_0/U0/U_VIDEO_CTRL/AXI4_LITE_INTERFACE.soft_resetn_reg/C
                            (rising edge-triggered cell FDRE clocked by clk_fpga_1  {rise@0.000ns fall@15.278ns period=30.555ns})
  Destination:            multi_protocol_bd_i/v_tc_0/U0/U_VIDEO_CTRL/AXI4_LITE_INTERFACE.time_control_regs_int_reg[20][2]/R
                            (rising edge-triggered cell FDRE clocked by clk_fpga_1  {rise@0.000ns fall@15.278ns period=30.555ns})
  Path Group:             clk_fpga_1
  Path Type:              Setup (Max at Slow Process Corner)
  Requirement:            30.555ns  (clk_fpga_1 rise@30.555ns - clk_fpga_1 rise@0.000ns)
  Data Path Delay:        10.438ns  (logic 0.484ns (4.637%)  route 9.954ns (95.363%))
  Logic Levels:           1  (LUT1=1)
  Clock Path Skew:        -0.263ns (DCD - SCD + CPR)
    Destination Clock Delay (DCD):    2.269ns = ( 32.824 - 30.555 ) 
    Source Clock Delay      (SCD):    2.640ns
    Clock Pessimism Removal (CPR):    0.109ns
  Clock Uncertainty:      0.460ns  ((TSJ^2 + TIJ^2)^1/2 + DJ) / 2 + PE
    Total System Jitter     (TSJ):    0.071ns
    Total Input Jitter      (TIJ):    0.917ns
    Discrete Jitter          (DJ):    0.000ns
    Phase Error              (PE):    0.000ns

    Location             Delay type                Incr(ns)  Path(ns)    Netlist Resource(s)
  -------------------------------------------------------------------    -------------------
                         (clock clk_fpga_1 rise edge)
                                                      0.000     0.000 r  
    PS7_X0Y0             PS7                          0.000     0.000 r  multi_protocol_bd_i/processing_system7_0/inst/PS7_i/FCLKCLK[1]
                         net (fo=1, routed)           0.994     0.994    multi_protocol_bd_i/processing_system7_0/inst/FCLK_CLK_unbuffered[1]
    BUFGCTRL_X0Y16       BUFG (Prop_bufg_I_O)         0.085     1.079 r  multi_protocol_bd_i/processing_system7_0/inst/buffer_fclk_clk_1.FCLK_CLK_1_BUFG/O
                         net (fo=2462, routed)        1.561     2.640    multi_protocol_bd_i/v_tc_0/U0/U_VIDEO_CTRL/vid_aclk
    SLICE_X35Y106        FDRE                                         r  multi_protocol_bd_i/v_tc_0/U0/U_VIDEO_CTRL/AXI4_LITE_INTERFACE.soft_resetn_reg/C
  -------------------------------------------------------------------    -------------------
    SLICE_X35Y106        FDRE (Prop_fdre_C_Q)         0.379     3.019 f  multi_protocol_bd_i/v_tc_0/U0/U_VIDEO_CTRL/AXI4_LITE_INTERFACE.soft_resetn_reg/Q
                         net (fo=65, routed)          4.364     7.383    multi_protocol_bd_i/v_tc_0/U0/U_VIDEO_CTRL/resetn_out
    SLICE_X57Y119        LUT1 (Prop_lut1_I0_O)        0.105     7.488 r  multi_protocol_bd_i/v_tc_0/U0/U_VIDEO_CTRL/GEN_HAS_IRQ.irq_i_1/O
                         net (fo=1030, routed)        5.590    13.078    multi_protocol_bd_i/v_tc_0/U0/U_VIDEO_CTRL/GEN_HAS_IRQ.irq_i_1_n_0
    SLICE_X61Y99         FDRE                                         r  multi_protocol_bd_i/v_tc_0/U0/U_VIDEO_CTRL/AXI4_LITE_INTERFACE.time_control_regs_int_reg[20][2]/R
  -------------------------------------------------------------------    -------------------

                         (clock clk_fpga_1 rise edge)
                                                     30.555    30.555 r  
    PS7_X0Y0             PS7                          0.000    30.555 r  multi_protocol_bd_i/processing_system7_0/inst/PS7_i/FCLKCLK[1]
                         net (fo=1, routed)           0.905    31.461    multi_protocol_bd_i/processing_system7_0/inst/FCLK_CLK_unbuffered[1]
    BUFGCTRL_X0Y16       BUFG (Prop_bufg_I_O)         0.077    31.538 r  multi_protocol_bd_i/processing_system7_0/inst/buffer_fclk_clk_1.FCLK_CLK_1_BUFG/O
                         net (fo=2462, routed)        1.286    32.824    multi_protocol_bd_i/v_tc_0/U0/U_VIDEO_CTRL/vid_aclk
    SLICE_X61Y99         FDRE                                         r  multi_protocol_bd_i/v_tc_0/U0/U_VIDEO_CTRL/AXI4_LITE_INTERFACE.time_control_regs_int_reg[20][2]/C
                         clock pessimism              0.109    32.932    
                         clock uncertainty           -0.460    32.472    
    SLICE_X61Y99         FDRE (Setup_fdre_C_R)       -0.352    32.120    multi_protocol_bd_i/v_tc_0/U0/U_VIDEO_CTRL/AXI4_LITE_INTERFACE.time_control_regs_int_reg[20][2]
  -------------------------------------------------------------------
                         required time                         32.120    
                         arrival time                         -13.078    
  -------------------------------------------------------------------
                         slack                                 19.042    

Slack (MET) :             19.042ns  (required time - arrival time)
  Source:                 multi_protocol_bd_i/v_tc_0/U0/U_VIDEO_CTRL/AXI4_LITE_INTERFACE.soft_resetn_reg/C
                            (rising edge-triggered cell FDRE clocked by clk_fpga_1  {rise@0.000ns fall@15.278ns period=30.555ns})
  Destination:            multi_protocol_bd_i/v_tc_0/U0/U_VIDEO_CTRL/AXI4_LITE_INTERFACE.time_control_regs_int_reg[20][3]/R
                            (rising edge-triggered cell FDRE clocked by clk_fpga_1  {rise@0.000ns fall@15.278ns period=30.555ns})
  Path Group:             clk_fpga_1
  Path Type:              Setup (Max at Slow Process Corner)
  Requirement:            30.555ns  (clk_fpga_1 rise@30.555ns - clk_fpga_1 rise@0.000ns)
  Data Path Delay:        10.438ns  (logic 0.484ns (4.637%)  route 9.954ns (95.363%))
  Logic Levels:           1  (LUT1=1)
  Clock Path Skew:        -0.263ns (DCD - SCD + CPR)
    Destination Clock Delay (DCD):    2.269ns = ( 32.824 - 30.555 ) 
    Source Clock Delay      (SCD):    2.640ns
    Clock Pessimism Removal (CPR):    0.109ns
  Clock Uncertainty:      0.460ns  ((TSJ^2 + TIJ^2)^1/2 + DJ) / 2 + PE
    Total System Jitter     (TSJ):    0.071ns
    Total Input Jitter      (TIJ):    0.917ns
    Discrete Jitter          (DJ):    0.000ns
    Phase Error              (PE):    0.000ns

    Location             Delay type                Incr(ns)  Path(ns)    Netlist Resource(s)
  -------------------------------------------------------------------    -------------------
                         (clock clk_fpga_1 rise edge)
                                                      0.000     0.000 r  
    PS7_X0Y0             PS7                          0.000     0.000 r  multi_protocol_bd_i/processing_system7_0/inst/PS7_i/FCLKCLK[1]
                         net (fo=1, routed)           0.994     0.994    multi_protocol_bd_i/processing_system7_0/inst/FCLK_CLK_unbuffered[1]
    BUFGCTRL_X0Y16       BUFG (Prop_bufg_I_O)         0.085     1.079 r  multi_protocol_bd_i/processing_system7_0/inst/buffer_fclk_clk_1.FCLK_CLK_1_BUFG/O
                         net (fo=2462, routed)        1.561     2.640    multi_protocol_bd_i/v_tc_0/U0/U_VIDEO_CTRL/vid_aclk
    SLICE_X35Y106        FDRE                                         r  multi_protocol_bd_i/v_tc_0/U0/U_VIDEO_CTRL/AXI4_LITE_INTERFACE.soft_resetn_reg/C
  -------------------------------------------------------------------    -------------------
    SLICE_X35Y106        FDRE (Prop_fdre_C_Q)         0.379     3.019 f  multi_protocol_bd_i/v_tc_0/U0/U_VIDEO_CTRL/AXI4_LITE_INTERFACE.soft_resetn_reg/Q
                         net (fo=65, routed)          4.364     7.383    multi_protocol_bd_i/v_tc_0/U0/U_VIDEO_CTRL/resetn_out
    SLICE_X57Y119        LUT1 (Prop_lut1_I0_O)        0.105     7.488 r  multi_protocol_bd_i/v_tc_0/U0/U_VIDEO_CTRL/GEN_HAS_IRQ.irq_i_1/O
                         net (fo=1030, routed)        5.590    13.078    multi_protocol_bd_i/v_tc_0/U0/U_VIDEO_CTRL/GEN_HAS_IRQ.irq_i_1_n_0
    SLICE_X61Y99         FDRE                                         r  multi_protocol_bd_i/v_tc_0/U0/U_VIDEO_CTRL/AXI4_LITE_INTERFACE.time_control_regs_int_reg[20][3]/R
  -------------------------------------------------------------------    -------------------

                         (clock clk_fpga_1 rise edge)
                                                     30.555    30.555 r  
    PS7_X0Y0             PS7                          0.000    30.555 r  multi_protocol_bd_i/processing_system7_0/inst/PS7_i/FCLKCLK[1]
                         net (fo=1, routed)           0.905    31.461    multi_protocol_bd_i/processing_system7_0/inst/FCLK_CLK_unbuffered[1]
    BUFGCTRL_X0Y16       BUFG (Prop_bufg_I_O)         0.077    31.538 r  multi_protocol_bd_i/processing_system7_0/inst/buffer_fclk_clk_1.FCLK_CLK_1_BUFG/O
                         net (fo=2462, routed)        1.286    32.824    multi_protocol_bd_i/v_tc_0/U0/U_VIDEO_CTRL/vid_aclk
    SLICE_X61Y99         FDRE                                         r  multi_protocol_bd_i/v_tc_0/U0/U_VIDEO_CTRL/AXI4_LITE_INTERFACE.time_control_regs_int_reg[20][3]/C
                         clock pessimism              0.109    32.932    
                         clock uncertainty           -0.460    32.472    
    SLICE_X61Y99         FDRE (Setup_fdre_C_R)       -0.352    32.120    multi_protocol_bd_i/v_tc_0/U0/U_VIDEO_CTRL/AXI4_LITE_INTERFACE.time_control_regs_int_reg[20][3]
  -------------------------------------------------------------------
                         required time                         32.120    
                         arrival time                         -13.078    
  -------------------------------------------------------------------
                         slack                                 19.042    

Slack (MET) :             19.042ns  (required time - arrival time)
  Source:                 multi_protocol_bd_i/v_tc_0/U0/U_VIDEO_CTRL/AXI4_LITE_INTERFACE.soft_resetn_reg/C
                            (rising edge-triggered cell FDRE clocked by clk_fpga_1  {rise@0.000ns fall@15.278ns period=30.555ns})
  Destination:            multi_protocol_bd_i/v_tc_0/U0/U_VIDEO_CTRL/AXI4_LITE_INTERFACE.time_control_regs_int_reg[20][4]/R
                            (rising edge-triggered cell FDRE clocked by clk_fpga_1  {rise@0.000ns fall@15.278ns period=30.555ns})
  Path Group:             clk_fpga_1
  Path Type:              Setup (Max at Slow Process Corner)
  Requirement:            30.555ns  (clk_fpga_1 rise@30.555ns - clk_fpga_1 rise@0.000ns)
  Data Path Delay:        10.438ns  (logic 0.484ns (4.637%)  route 9.954ns (95.363%))
  Logic Levels:           1  (LUT1=1)
  Clock Path Skew:        -0.263ns (DCD - SCD + CPR)
    Destination Clock Delay (DCD):    2.269ns = ( 32.824 - 30.555 ) 
    Source Clock Delay      (SCD):    2.640ns
    Clock Pessimism Removal (CPR):    0.109ns
  Clock Uncertainty:      0.460ns  ((TSJ^2 + TIJ^2)^1/2 + DJ) / 2 + PE
    Total System Jitter     (TSJ):    0.071ns
    Total Input Jitter      (TIJ):    0.917ns
    Discrete Jitter          (DJ):    0.000ns
    Phase Error              (PE):    0.000ns

    Location             Delay type                Incr(ns)  Path(ns)    Netlist Resource(s)
  -------------------------------------------------------------------    -------------------
                         (clock clk_fpga_1 rise edge)
                                                      0.000     0.000 r  
    PS7_X0Y0             PS7                          0.000     0.000 r  multi_protocol_bd_i/processing_system7_0/inst/PS7_i/FCLKCLK[1]
                         net (fo=1, routed)           0.994     0.994    multi_protocol_bd_i/processing_system7_0/inst/FCLK_CLK_unbuffered[1]
    BUFGCTRL_X0Y16       BUFG (Prop_bufg_I_O)         0.085     1.079 r  multi_protocol_bd_i/processing_system7_0/inst/buffer_fclk_clk_1.FCLK_CLK_1_BUFG/O
                         net (fo=2462, routed)        1.561     2.640    multi_protocol_bd_i/v_tc_0/U0/U_VIDEO_CTRL/vid_aclk
    SLICE_X35Y106        FDRE                                         r  multi_protocol_bd_i/v_tc_0/U0/U_VIDEO_CTRL/AXI4_LITE_INTERFACE.soft_resetn_reg/C
  -------------------------------------------------------------------    -------------------
    SLICE_X35Y106        FDRE (Prop_fdre_C_Q)         0.379     3.019 f  multi_protocol_bd_i/v_tc_0/U0/U_VIDEO_CTRL/AXI4_LITE_INTERFACE.soft_resetn_reg/Q
                         net (fo=65, routed)          4.364     7.383    multi_protocol_bd_i/v_tc_0/U0/U_VIDEO_CTRL/resetn_out
    SLICE_X57Y119        LUT1 (Prop_lut1_I0_O)        0.105     7.488 r  multi_protocol_bd_i/v_tc_0/U0/U_VIDEO_CTRL/GEN_HAS_IRQ.irq_i_1/O
                         net (fo=1030, routed)        5.590    13.078    multi_protocol_bd_i/v_tc_0/U0/U_VIDEO_CTRL/GEN_HAS_IRQ.irq_i_1_n_0
    SLICE_X61Y99         FDRE                                         r  multi_protocol_bd_i/v_tc_0/U0/U_VIDEO_CTRL/AXI4_LITE_INTERFACE.time_control_regs_int_reg[20][4]/R
  -------------------------------------------------------------------    -------------------

                         (clock clk_fpga_1 rise edge)
                                                     30.555    30.555 r  
    PS7_X0Y0             PS7                          0.000    30.555 r  multi_protocol_bd_i/processing_system7_0/inst/PS7_i/FCLKCLK[1]
                         net (fo=1, routed)           0.905    31.461    multi_protocol_bd_i/processing_system7_0/inst/FCLK_CLK_unbuffered[1]
    BUFGCTRL_X0Y16       BUFG (Prop_bufg_I_O)         0.077    31.538 r  multi_protocol_bd_i/processing_system7_0/inst/buffer_fclk_clk_1.FCLK_CLK_1_BUFG/O
                         net (fo=2462, routed)        1.286    32.824    multi_protocol_bd_i/v_tc_0/U0/U_VIDEO_CTRL/vid_aclk
    SLICE_X61Y99         FDRE                                         r  multi_protocol_bd_i/v_tc_0/U0/U_VIDEO_CTRL/AXI4_LITE_INTERFACE.time_control_regs_int_reg[20][4]/C
                         clock pessimism              0.109    32.932    
                         clock uncertainty           -0.460    32.472    
    SLICE_X61Y99         FDRE (Setup_fdre_C_R)       -0.352    32.120    multi_protocol_bd_i/v_tc_0/U0/U_VIDEO_CTRL/AXI4_LITE_INTERFACE.time_control_regs_int_reg[20][4]
  -------------------------------------------------------------------
                         required time                         32.120    
                         arrival time                         -13.078    
  -------------------------------------------------------------------
                         slack                                 19.042    





Min Delay Paths
--------------------------------------------------------------------------------------
Slack (MET) :             0.065ns  (arrival time - required time)
  Source:                 multi_protocol_bd_i/v_tc_0/U0/U_VIDEO_CTRL/AXI4_LITE_INTERFACE.CORE_MUX0/GEN_TREE.GEN_BRANCH[3].GEN_MUX_REG.data_out_reg_reg[3][3]/C
                            (rising edge-triggered cell FDRE clocked by clk_fpga_1  {rise@0.000ns fall@15.278ns period=30.555ns})
  Destination:            multi_protocol_bd_i/v_tc_0/U0/U_VIDEO_CTRL/AXI4_LITE_INTERFACE.ipif_RdData_reg[3]/D
                            (rising edge-triggered cell FDRE clocked by clk_fpga_1  {rise@0.000ns fall@15.278ns period=30.555ns})
  Path Group:             clk_fpga_1
  Path Type:              Hold (Min at Fast Process Corner)
  Requirement:            0.000ns  (clk_fpga_1 rise@0.000ns - clk_fpga_1 rise@0.000ns)
  Data Path Delay:        0.429ns  (logic 0.251ns (58.534%)  route 0.178ns (41.466%))
  Logic Levels:           2  (LUT5=1 MUXF7=1)
  Clock Path Skew:        0.259ns (DCD - SCD - CPR)
    Destination Clock Delay (DCD):    1.186ns
    Source Clock Delay      (SCD):    0.892ns
    Clock Pessimism Removal (CPR):    0.035ns

    Location             Delay type                Incr(ns)  Path(ns)    Netlist Resource(s)
  -------------------------------------------------------------------    -------------------
                         (clock clk_fpga_1 rise edge)
                                                      0.000     0.000 r  
    PS7_X0Y0             PS7                          0.000     0.000 r  multi_protocol_bd_i/processing_system7_0/inst/PS7_i/FCLKCLK[1]
                         net (fo=1, routed)           0.310     0.310    multi_protocol_bd_i/processing_system7_0/inst/FCLK_CLK_unbuffered[1]
    BUFGCTRL_X0Y16       BUFG (Prop_bufg_I_O)         0.026     0.336 r  multi_protocol_bd_i/processing_system7_0/inst/buffer_fclk_clk_1.FCLK_CLK_1_BUFG/O
                         net (fo=2462, routed)        0.556     0.892    multi_protocol_bd_i/v_tc_0/U0/U_VIDEO_CTRL/AXI4_LITE_INTERFACE.CORE_MUX0/vid_aclk
    SLICE_X48Y99         FDRE                                         r  multi_protocol_bd_i/v_tc_0/U0/U_VIDEO_CTRL/AXI4_LITE_INTERFACE.CORE_MUX0/GEN_TREE.GEN_BRANCH[3].GEN_MUX_REG.data_out_reg_reg[3][3]/C
  -------------------------------------------------------------------    -------------------
    SLICE_X48Y99         FDRE (Prop_fdre_C_Q)         0.141     1.033 r  multi_protocol_bd_i/v_tc_0/U0/U_VIDEO_CTRL/AXI4_LITE_INTERFACE.CORE_MUX0/GEN_TREE.GEN_BRANCH[3].GEN_MUX_REG.data_out_reg_reg[3][3]/Q
                         net (fo=1, routed)           0.178     1.210    multi_protocol_bd_i/v_tc_0/U0/U_VIDEO_CTRL/AXI4_LITE_INTERFACE.CORE_MUX0/GEN_TREE.GEN_BRANCH[3].GEN_MUX_REG.data_out_reg_reg[3]_2[3]
    SLICE_X53Y96         LUT5 (Prop_lut5_I4_O)        0.045     1.255 r  multi_protocol_bd_i/v_tc_0/U0/U_VIDEO_CTRL/AXI4_LITE_INTERFACE.CORE_MUX0/AXI4_LITE_INTERFACE.ipif_RdData[3]_i_3/O
                         net (fo=1, routed)           0.000     1.255    multi_protocol_bd_i/v_tc_0/U0/U_VIDEO_CTRL/AXI4_LITE_INTERFACE.SYNC2VIDCLK_I/AXI4_LITE_INTERFACE.ipif_RdData_reg[3]_0
    SLICE_X53Y96         MUXF7 (Prop_muxf7_I1_O)      0.065     1.320 r  multi_protocol_bd_i/v_tc_0/U0/U_VIDEO_CTRL/AXI4_LITE_INTERFACE.SYNC2VIDCLK_I/AXI4_LITE_INTERFACE.ipif_RdData_reg[3]_i_1/O
                         net (fo=1, routed)           0.000     1.320    multi_protocol_bd_i/v_tc_0/U0/U_VIDEO_CTRL/AXI4_LITE_INTERFACE.SYNC2VIDCLK_I_n_668
    SLICE_X53Y96         FDRE                                         r  multi_protocol_bd_i/v_tc_0/U0/U_VIDEO_CTRL/AXI4_LITE_INTERFACE.ipif_RdData_reg[3]/D
  -------------------------------------------------------------------    -------------------

                         (clock clk_fpga_1 rise edge)
                                                      0.000     0.000 r  
    PS7_X0Y0             PS7                          0.000     0.000 r  multi_protocol_bd_i/processing_system7_0/inst/PS7_i/FCLKCLK[1]
                         net (fo=1, routed)           0.337     0.337    multi_protocol_bd_i/processing_system7_0/inst/FCLK_CLK_unbuffered[1]
    BUFGCTRL_X0Y16       BUFG (Prop_bufg_I_O)         0.029     0.366 r  multi_protocol_bd_i/processing_system7_0/inst/buffer_fclk_clk_1.FCLK_CLK_1_BUFG/O
                         net (fo=2462, routed)        0.820     1.186    multi_protocol_bd_i/v_tc_0/U0/U_VIDEO_CTRL/vid_aclk
    SLICE_X53Y96         FDRE                                         r  multi_protocol_bd_i/v_tc_0/U0/U_VIDEO_CTRL/AXI4_LITE_INTERFACE.ipif_RdData_reg[3]/C
                         clock pessimism             -0.035     1.151    
    SLICE_X53Y96         FDRE (Hold_fdre_C_D)         0.105     1.256    multi_protocol_bd_i/v_tc_0/U0/U_VIDEO_CTRL/AXI4_LITE_INTERFACE.ipif_RdData_reg[3]
  -------------------------------------------------------------------
                         required time                         -1.256    
                         arrival time                           1.320    
  -------------------------------------------------------------------
                         slack                                  0.065    

Slack (MET) :             0.067ns  (arrival time - required time)
  Source:                 multi_protocol_bd_i/v_tc_0/U0/U_VIDEO_CTRL/AXI4_LITE_INTERFACE.time_control_regs_int_reg[24][0]/C
                            (rising edge-triggered cell FDSE clocked by clk_fpga_1  {rise@0.000ns fall@15.278ns period=30.555ns})
  Destination:            multi_protocol_bd_i/v_tc_0/U0/U_VIDEO_CTRL/AXI4_LITE_INTERFACE.GENR_MUX0/GEN_TREE.GEN_BRANCH[47].GEN_MUX_REG.data_out_reg_reg[47][0]/D
                            (rising edge-triggered cell FDRE clocked by clk_fpga_1  {rise@0.000ns fall@15.278ns period=30.555ns})
  Path Group:             clk_fpga_1
  Path Type:              Hold (Min at Fast Process Corner)
  Requirement:            0.000ns  (clk_fpga_1 rise@0.000ns - clk_fpga_1 rise@0.000ns)
  Data Path Delay:        0.340ns  (logic 0.186ns (54.776%)  route 0.154ns (45.224%))
  Logic Levels:           1  (LUT3=1)
  Clock Path Skew:        0.182ns (DCD - SCD - CPR)
    Destination Clock Delay (DCD):    1.212ns
    Source Clock Delay      (SCD):    0.995ns
    Clock Pessimism Removal (CPR):    0.035ns

    Location             Delay type                Incr(ns)  Path(ns)    Netlist Resource(s)
  -------------------------------------------------------------------    -------------------
                         (clock clk_fpga_1 rise edge)
                                                      0.000     0.000 r  
    PS7_X0Y0             PS7                          0.000     0.000 r  multi_protocol_bd_i/processing_system7_0/inst/PS7_i/FCLKCLK[1]
                         net (fo=1, routed)           0.310     0.310    multi_protocol_bd_i/processing_system7_0/inst/FCLK_CLK_unbuffered[1]
    BUFGCTRL_X0Y16       BUFG (Prop_bufg_I_O)         0.026     0.336 r  multi_protocol_bd_i/processing_system7_0/inst/buffer_fclk_clk_1.FCLK_CLK_1_BUFG/O
                         net (fo=2462, routed)        0.659     0.995    multi_protocol_bd_i/v_tc_0/U0/U_VIDEO_CTRL/vid_aclk
    SLICE_X55Y100        FDSE                                         r  multi_protocol_bd_i/v_tc_0/U0/U_VIDEO_CTRL/AXI4_LITE_INTERFACE.time_control_regs_int_reg[24][0]/C
  -------------------------------------------------------------------    -------------------
    SLICE_X55Y100        FDSE (Prop_fdse_C_Q)         0.141     1.136 r  multi_protocol_bd_i/v_tc_0/U0/U_VIDEO_CTRL/AXI4_LITE_INTERFACE.time_control_regs_int_reg[24][0]/Q
                         net (fo=2, routed)           0.154     1.290    multi_protocol_bd_i/v_tc_0/U0/U_VIDEO_CTRL/AXI4_LITE_INTERFACE.SYNC2VIDCLK_I/GEN_TREE.GEN_BRANCH[47].GEN_MUX_REG.data_out_reg_reg[47][0]_0[0]
    SLICE_X55Y98         LUT3 (Prop_lut3_I2_O)        0.045     1.335 r  multi_protocol_bd_i/v_tc_0/U0/U_VIDEO_CTRL/AXI4_LITE_INTERFACE.SYNC2VIDCLK_I/GEN_TREE.GEN_BRANCH[47].GEN_MUX_REG.data_out_reg[47][0]_i_1/O
                         net (fo=1, routed)           0.000     1.335    multi_protocol_bd_i/v_tc_0/U0/U_VIDEO_CTRL/AXI4_LITE_INTERFACE.GENR_MUX0/GEN_TREE.GEN_BRANCH[47].GEN_MUX_REG.data_out_reg_reg[47][0]_0
    SLICE_X55Y98         FDRE                                         r  multi_protocol_bd_i/v_tc_0/U0/U_VIDEO_CTRL/AXI4_LITE_INTERFACE.GENR_MUX0/GEN_TREE.GEN_BRANCH[47].GEN_MUX_REG.data_out_reg_reg[47][0]/D
  -------------------------------------------------------------------    -------------------

                         (clock clk_fpga_1 rise edge)
                                                      0.000     0.000 r  
    PS7_X0Y0             PS7                          0.000     0.000 r  multi_protocol_bd_i/processing_system7_0/inst/PS7_i/FCLKCLK[1]
                         net (fo=1, routed)           0.337     0.337    multi_protocol_bd_i/processing_system7_0/inst/FCLK_CLK_unbuffered[1]
    BUFGCTRL_X0Y16       BUFG (Prop_bufg_I_O)         0.029     0.366 r  multi_protocol_bd_i/processing_system7_0/inst/buffer_fclk_clk_1.FCLK_CLK_1_BUFG/O
                         net (fo=2462, routed)        0.846     1.212    multi_protocol_bd_i/v_tc_0/U0/U_VIDEO_CTRL/AXI4_LITE_INTERFACE.GENR_MUX0/vid_aclk
    SLICE_X55Y98         FDRE                                         r  multi_protocol_bd_i/v_tc_0/U0/U_VIDEO_CTRL/AXI4_LITE_INTERFACE.GENR_MUX0/GEN_TREE.GEN_BRANCH[47].GEN_MUX_REG.data_out_reg_reg[47][0]/C
                         clock pessimism             -0.035     1.177    
    SLICE_X55Y98         FDRE (Hold_fdre_C_D)         0.091     1.268    multi_protocol_bd_i/v_tc_0/U0/U_VIDEO_CTRL/AXI4_LITE_INTERFACE.GENR_MUX0/GEN_TREE.GEN_BRANCH[47].GEN_MUX_REG.data_out_reg_reg[47][0]
  -------------------------------------------------------------------
                         required time                         -1.268    
                         arrival time                           1.335    
  -------------------------------------------------------------------
                         slack                                  0.067    

Slack (MET) :             0.075ns  (arrival time - required time)
  Source:                 multi_protocol_bd_i/v_tc_0/U0/U_VIDEO_CTRL/AXI4_LITE_INTERFACE.time_control_regs_int_reg[23][0]/C
                            (rising edge-triggered cell FDRE clocked by clk_fpga_1  {rise@0.000ns fall@15.278ns period=30.555ns})
  Destination:            multi_protocol_bd_i/v_tc_0/U0/U_VIDEO_CTRL/AXI4_LITE_INTERFACE.time_control_regs2_int_reg[23][0]/D
                            (rising edge-triggered cell FDRE clocked by clk_fpga_1  {rise@0.000ns fall@15.278ns period=30.555ns})
  Path Group:             clk_fpga_1
  Path Type:              Hold (Min at Fast Process Corner)
  Requirement:            0.000ns  (clk_fpga_1 rise@0.000ns - clk_fpga_1 rise@0.000ns)
  Data Path Delay:        0.332ns  (logic 0.141ns (42.514%)  route 0.191ns (57.486%))
  Logic Levels:           0  
  Clock Path Skew:        0.182ns (DCD - SCD - CPR)
    Destination Clock Delay (DCD):    1.215ns
    Source Clock Delay      (SCD):    0.998ns
    Clock Pessimism Removal (CPR):    0.035ns

    Location             Delay type                Incr(ns)  Path(ns)    Netlist Resource(s)
  -------------------------------------------------------------------    -------------------
                         (clock clk_fpga_1 rise edge)
                                                      0.000     0.000 r  
    PS7_X0Y0             PS7                          0.000     0.000 r  multi_protocol_bd_i/processing_system7_0/inst/PS7_i/FCLKCLK[1]
                         net (fo=1, routed)           0.310     0.310    multi_protocol_bd_i/processing_system7_0/inst/FCLK_CLK_unbuffered[1]
    BUFGCTRL_X0Y16       BUFG (Prop_bufg_I_O)         0.026     0.336 r  multi_protocol_bd_i/processing_system7_0/inst/buffer_fclk_clk_1.FCLK_CLK_1_BUFG/O
                         net (fo=2462, routed)        0.662     0.998    multi_protocol_bd_i/v_tc_0/U0/U_VIDEO_CTRL/vid_aclk
    SLICE_X61Y100        FDRE                                         r  multi_protocol_bd_i/v_tc_0/U0/U_VIDEO_CTRL/AXI4_LITE_INTERFACE.time_control_regs_int_reg[23][0]/C
  -------------------------------------------------------------------    -------------------
    SLICE_X61Y100        FDRE (Prop_fdre_C_Q)         0.141     1.139 r  multi_protocol_bd_i/v_tc_0/U0/U_VIDEO_CTRL/AXI4_LITE_INTERFACE.time_control_regs_int_reg[23][0]/Q
                         net (fo=2, routed)           0.191     1.330    multi_protocol_bd_i/v_tc_0/U0/U_VIDEO_CTRL/time_control_regs2_int[23][0]
    SLICE_X60Y99         FDRE                                         r  multi_protocol_bd_i/v_tc_0/U0/U_VIDEO_CTRL/AXI4_LITE_INTERFACE.time_control_regs2_int_reg[23][0]/D
  -------------------------------------------------------------------    -------------------

                         (clock clk_fpga_1 rise edge)
                                                      0.000     0.000 r  
    PS7_X0Y0             PS7                          0.000     0.000 r  multi_protocol_bd_i/processing_system7_0/inst/PS7_i/FCLKCLK[1]
                         net (fo=1, routed)           0.337     0.337    multi_protocol_bd_i/processing_system7_0/inst/FCLK_CLK_unbuffered[1]
    BUFGCTRL_X0Y16       BUFG (Prop_bufg_I_O)         0.029     0.366 r  multi_protocol_bd_i/processing_system7_0/inst/buffer_fclk_clk_1.FCLK_CLK_1_BUFG/O
                         net (fo=2462, routed)        0.849     1.215    multi_protocol_bd_i/v_tc_0/U0/U_VIDEO_CTRL/vid_aclk
    SLICE_X60Y99         FDRE                                         r  multi_protocol_bd_i/v_tc_0/U0/U_VIDEO_CTRL/AXI4_LITE_INTERFACE.time_control_regs2_int_reg[23][0]/C
                         clock pessimism             -0.035     1.180    
    SLICE_X60Y99         FDRE (Hold_fdre_C_D)         0.075     1.255    multi_protocol_bd_i/v_tc_0/U0/U_VIDEO_CTRL/AXI4_LITE_INTERFACE.time_control_regs2_int_reg[23][0]
  -------------------------------------------------------------------
                         required time                         -1.255    
                         arrival time                           1.330    
  -------------------------------------------------------------------
                         slack                                  0.075    

Slack (MET) :             0.081ns  (arrival time - required time)
  Source:                 multi_protocol_bd_i/v_tc_0/U0/U_VIDEO_CTRL/AXI4_LITE_INTERFACE.core_control_regs_int_reg[7][0]/C
                            (rising edge-triggered cell FDRE clocked by clk_fpga_1  {rise@0.000ns fall@15.278ns period=30.555ns})
  Destination:            multi_protocol_bd_i/v_tc_0/U0/U_VIDEO_CTRL/AXI4_LITE_INTERFACE.CORE_MUX0/GEN_TREE.GEN_BRANCH[3].GEN_MUX_REG.data_out_reg_reg[3][0]/D
                            (rising edge-triggered cell FDRE clocked by clk_fpga_1  {rise@0.000ns fall@15.278ns period=30.555ns})
  Path Group:             clk_fpga_1
  Path Type:              Hold (Min at Fast Process Corner)
  Requirement:            0.000ns  (clk_fpga_1 rise@0.000ns - clk_fpga_1 rise@0.000ns)
  Data Path Delay:        0.367ns  (logic 0.251ns (68.313%)  route 0.116ns (31.687%))
  Logic Levels:           2  (LUT6=1 MUXF7=1)
  Clock Path Skew:        0.182ns (DCD - SCD - CPR)
    Destination Clock Delay (DCD):    1.191ns
    Source Clock Delay      (SCD):    0.974ns
    Clock Pessimism Removal (CPR):    0.035ns

    Location             Delay type                Incr(ns)  Path(ns)    Netlist Resource(s)
  -------------------------------------------------------------------    -------------------
                         (clock clk_fpga_1 rise edge)
                                                      0.000     0.000 r  
    PS7_X0Y0             PS7                          0.000     0.000 r  multi_protocol_bd_i/processing_system7_0/inst/PS7_i/FCLKCLK[1]
                         net (fo=1, routed)           0.310     0.310    multi_protocol_bd_i/processing_system7_0/inst/FCLK_CLK_unbuffered[1]
    BUFGCTRL_X0Y16       BUFG (Prop_bufg_I_O)         0.026     0.336 r  multi_protocol_bd_i/processing_system7_0/inst/buffer_fclk_clk_1.FCLK_CLK_1_BUFG/O
                         net (fo=2462, routed)        0.638     0.974    multi_protocol_bd_i/v_tc_0/U0/U_VIDEO_CTRL/vid_aclk
    SLICE_X49Y100        FDRE                                         r  multi_protocol_bd_i/v_tc_0/U0/U_VIDEO_CTRL/AXI4_LITE_INTERFACE.core_control_regs_int_reg[7][0]/C
  -------------------------------------------------------------------    -------------------
    SLICE_X49Y100        FDRE (Prop_fdre_C_Q)         0.141     1.115 r  multi_protocol_bd_i/v_tc_0/U0/U_VIDEO_CTRL/AXI4_LITE_INTERFACE.core_control_regs_int_reg[7][0]/Q
                         net (fo=1, routed)           0.116     1.231    multi_protocol_bd_i/v_tc_0/U0/U_VIDEO_CTRL/AXI4_LITE_INTERFACE.GENR_MUX0/GEN_TREE.GEN_BRANCH[3].GEN_MUX_REG.data_out_reg_reg[3][0]_4[0]
    SLICE_X48Y99         LUT6 (Prop_lut6_I0_O)        0.045     1.276 r  multi_protocol_bd_i/v_tc_0/U0/U_VIDEO_CTRL/AXI4_LITE_INTERFACE.GENR_MUX0/GEN_TREE.GEN_BRANCH[3].GEN_MUX_REG.data_out_reg[3][0]_i_3__0/O
                         net (fo=1, routed)           0.000     1.276    multi_protocol_bd_i/v_tc_0/U0/U_VIDEO_CTRL/AXI4_LITE_INTERFACE.GENR_MUX0/GEN_TREE.GEN_BRANCH[3].GEN_MUX_REG.data_out_reg[3][0]_i_3__0_n_0
    SLICE_X48Y99         MUXF7 (Prop_muxf7_I1_O)      0.065     1.341 r  multi_protocol_bd_i/v_tc_0/U0/U_VIDEO_CTRL/AXI4_LITE_INTERFACE.GENR_MUX0/GEN_TREE.GEN_BRANCH[3].GEN_MUX_REG.data_out_reg_reg[3][0]_i_1__0/O
                         net (fo=1, routed)           0.000     1.341    multi_protocol_bd_i/v_tc_0/U0/U_VIDEO_CTRL/AXI4_LITE_INTERFACE.CORE_MUX0/GEN_TREE.GEN_BRANCH[3].GEN_MUX_REG.data_out_reg_reg[3][0]_0
    SLICE_X48Y99         FDRE                                         r  multi_protocol_bd_i/v_tc_0/U0/U_VIDEO_CTRL/AXI4_LITE_INTERFACE.CORE_MUX0/GEN_TREE.GEN_BRANCH[3].GEN_MUX_REG.data_out_reg_reg[3][0]/D
  -------------------------------------------------------------------    -------------------

                         (clock clk_fpga_1 rise edge)
                                                      0.000     0.000 r  
    PS7_X0Y0             PS7                          0.000     0.000 r  multi_protocol_bd_i/processing_system7_0/inst/PS7_i/FCLKCLK[1]
                         net (fo=1, routed)           0.337     0.337    multi_protocol_bd_i/processing_system7_0/inst/FCLK_CLK_unbuffered[1]
    BUFGCTRL_X0Y16       BUFG (Prop_bufg_I_O)         0.029     0.366 r  multi_protocol_bd_i/processing_system7_0/inst/buffer_fclk_clk_1.FCLK_CLK_1_BUFG/O
                         net (fo=2462, routed)        0.825     1.191    multi_protocol_bd_i/v_tc_0/U0/U_VIDEO_CTRL/AXI4_LITE_INTERFACE.CORE_MUX0/vid_aclk
    SLICE_X48Y99         FDRE                                         r  multi_protocol_bd_i/v_tc_0/U0/U_VIDEO_CTRL/AXI4_LITE_INTERFACE.CORE_MUX0/GEN_TREE.GEN_BRANCH[3].GEN_MUX_REG.data_out_reg_reg[3][0]/C
                         clock pessimism             -0.035     1.156    
    SLICE_X48Y99         FDRE (Hold_fdre_C_D)         0.105     1.261    multi_protocol_bd_i/v_tc_0/U0/U_VIDEO_CTRL/AXI4_LITE_INTERFACE.CORE_MUX0/GEN_TREE.GEN_BRANCH[3].GEN_MUX_REG.data_out_reg_reg[3][0]
  -------------------------------------------------------------------
                         required time                         -1.261    
                         arrival time                           1.341    
  -------------------------------------------------------------------
                         slack                                  0.081    

Slack (MET) :             0.081ns  (arrival time - required time)
  Source:                 multi_protocol_bd_i/v_tc_0/U0/U_VIDEO_CTRL/AXI4_LITE_INTERFACE.GENR_MUX0/GEN_TREE.GEN_BRANCH[43].GEN_MUX_REG.data_out_reg_reg[43][16]/C
                            (rising edge-triggered cell FDRE clocked by clk_fpga_1  {rise@0.000ns fall@15.278ns period=30.555ns})
  Destination:            multi_protocol_bd_i/v_tc_0/U0/U_VIDEO_CTRL/AXI4_LITE_INTERFACE.GENR_MUX0/GEN_TREE.GEN_BRANCH[4].GEN_MUX_REG.data_out_reg_reg[4][16]/D
                            (rising edge-triggered cell FDRE clocked by clk_fpga_1  {rise@0.000ns fall@15.278ns period=30.555ns})
  Path Group:             clk_fpga_1
  Path Type:              Hold (Min at Fast Process Corner)
  Requirement:            0.000ns  (clk_fpga_1 rise@0.000ns - clk_fpga_1 rise@0.000ns)
  Data Path Delay:        0.452ns  (logic 0.274ns (60.608%)  route 0.178ns (39.392%))
  Logic Levels:           2  (LUT6=1 MUXF7=1)
  Clock Path Skew:        0.266ns (DCD - SCD - CPR)
    Destination Clock Delay (DCD):    1.274ns
    Source Clock Delay      (SCD):    0.969ns
    Clock Pessimism Removal (CPR):    0.039ns

    Location             Delay type                Incr(ns)  Path(ns)    Netlist Resource(s)
  -------------------------------------------------------------------    -------------------
                         (clock clk_fpga_1 rise edge)
                                                      0.000     0.000 r  
    PS7_X0Y0             PS7                          0.000     0.000 r  multi_protocol_bd_i/processing_system7_0/inst/PS7_i/FCLKCLK[1]
                         net (fo=1, routed)           0.310     0.310    multi_protocol_bd_i/processing_system7_0/inst/FCLK_CLK_unbuffered[1]
    BUFGCTRL_X0Y16       BUFG (Prop_bufg_I_O)         0.026     0.336 r  multi_protocol_bd_i/processing_system7_0/inst/buffer_fclk_clk_1.FCLK_CLK_1_BUFG/O
                         net (fo=2462, routed)        0.633     0.969    multi_protocol_bd_i/v_tc_0/U0/U_VIDEO_CTRL/AXI4_LITE_INTERFACE.GENR_MUX0/vid_aclk
    SLICE_X50Y109        FDRE                                         r  multi_protocol_bd_i/v_tc_0/U0/U_VIDEO_CTRL/AXI4_LITE_INTERFACE.GENR_MUX0/GEN_TREE.GEN_BRANCH[43].GEN_MUX_REG.data_out_reg_reg[43][16]/C
  -------------------------------------------------------------------    -------------------
    SLICE_X50Y109        FDRE (Prop_fdre_C_Q)         0.164     1.133 r  multi_protocol_bd_i/v_tc_0/U0/U_VIDEO_CTRL/AXI4_LITE_INTERFACE.GENR_MUX0/GEN_TREE.GEN_BRANCH[43].GEN_MUX_REG.data_out_reg_reg[43][16]/Q
                         net (fo=1, routed)           0.178     1.311    multi_protocol_bd_i/v_tc_0/U0/U_VIDEO_CTRL/AXI4_LITE_INTERFACE.GENR_MUX0/GEN_TREE.GEN_BRANCH[43].GEN_MUX_REG.data_out_reg_reg[43]_9[16]
    SLICE_X49Y110        LUT6 (Prop_lut6_I5_O)        0.045     1.356 r  multi_protocol_bd_i/v_tc_0/U0/U_VIDEO_CTRL/AXI4_LITE_INTERFACE.GENR_MUX0/GEN_TREE.GEN_BRANCH[4].GEN_MUX_REG.data_out_reg[4][16]_i_3/O
                         net (fo=1, routed)           0.000     1.356    multi_protocol_bd_i/v_tc_0/U0/U_VIDEO_CTRL/AXI4_LITE_INTERFACE.GENR_MUX0/GEN_TREE.GEN_BRANCH[4].GEN_MUX_REG.data_out_reg[4][16]_i_3_n_0
    SLICE_X49Y110        MUXF7 (Prop_muxf7_I1_O)      0.065     1.421 r  multi_protocol_bd_i/v_tc_0/U0/U_VIDEO_CTRL/AXI4_LITE_INTERFACE.GENR_MUX0/GEN_TREE.GEN_BRANCH[4].GEN_MUX_REG.data_out_reg_reg[4][16]_i_1/O
                         net (fo=1, routed)           0.000     1.421    multi_protocol_bd_i/v_tc_0/U0/U_VIDEO_CTRL/AXI4_LITE_INTERFACE.GENR_MUX0/GEN_TREE.GEN_BRANCH[4].GEN_MUX_REG.data_out_reg_reg[4][16]_i_1_n_0
    SLICE_X49Y110        FDRE                                         r  multi_protocol_bd_i/v_tc_0/U0/U_VIDEO_CTRL/AXI4_LITE_INTERFACE.GENR_MUX0/GEN_TREE.GEN_BRANCH[4].GEN_MUX_REG.data_out_reg_reg[4][16]/D
  -------------------------------------------------------------------    -------------------

                         (clock clk_fpga_1 rise edge)
                                                      0.000     0.000 r  
    PS7_X0Y0             PS7                          0.000     0.000 r  multi_protocol_bd_i/processing_system7_0/inst/PS7_i/FCLKCLK[1]
                         net (fo=1, routed)           0.337     0.337    multi_protocol_bd_i/processing_system7_0/inst/FCLK_CLK_unbuffered[1]
    BUFGCTRL_X0Y16       BUFG (Prop_bufg_I_O)         0.029     0.366 r  multi_protocol_bd_i/processing_system7_0/inst/buffer_fclk_clk_1.FCLK_CLK_1_BUFG/O
                         net (fo=2462, routed)        0.908     1.274    multi_protocol_bd_i/v_tc_0/U0/U_VIDEO_CTRL/AXI4_LITE_INTERFACE.GENR_MUX0/vid_aclk
    SLICE_X49Y110        FDRE                                         r  multi_protocol_bd_i/v_tc_0/U0/U_VIDEO_CTRL/AXI4_LITE_INTERFACE.GENR_MUX0/GEN_TREE.GEN_BRANCH[4].GEN_MUX_REG.data_out_reg_reg[4][16]/C
                         clock pessimism             -0.039     1.235    
    SLICE_X49Y110        FDRE (Hold_fdre_C_D)         0.105     1.340    multi_protocol_bd_i/v_tc_0/U0/U_VIDEO_CTRL/AXI4_LITE_INTERFACE.GENR_MUX0/GEN_TREE.GEN_BRANCH[4].GEN_MUX_REG.data_out_reg_reg[4][16]
  -------------------------------------------------------------------
                         required time                         -1.340    
                         arrival time                           1.421    
  -------------------------------------------------------------------
                         slack                                  0.081    

Slack (MET) :             0.082ns  (arrival time - required time)
  Source:                 multi_protocol_bd_i/v_tc_0/U0/U_VIDEO_CTRL/AXI4_LITE_INTERFACE.CORE_MUX0/GEN_TREE.GEN_BRANCH[3].GEN_MUX_REG.data_out_reg_reg[3][10]/C
                            (rising edge-triggered cell FDRE clocked by clk_fpga_1  {rise@0.000ns fall@15.278ns period=30.555ns})
  Destination:            multi_protocol_bd_i/v_tc_0/U0/U_VIDEO_CTRL/AXI4_LITE_INTERFACE.ipif_RdData_reg[10]/D
                            (rising edge-triggered cell FDRE clocked by clk_fpga_1  {rise@0.000ns fall@15.278ns period=30.555ns})
  Path Group:             clk_fpga_1
  Path Type:              Hold (Min at Fast Process Corner)
  Requirement:            0.000ns  (clk_fpga_1 rise@0.000ns - clk_fpga_1 rise@0.000ns)
  Data Path Delay:        0.447ns  (logic 0.251ns (56.170%)  route 0.196ns (43.830%))
  Logic Levels:           2  (LUT5=1 MUXF7=1)
  Clock Path Skew:        0.260ns (DCD - SCD - CPR)
    Destination Clock Delay (DCD):    1.272ns
    Source Clock Delay      (SCD):    0.973ns
    Clock Pessimism Removal (CPR):    0.039ns

    Location             Delay type                Incr(ns)  Path(ns)    Netlist Resource(s)
  -------------------------------------------------------------------    -------------------
                         (clock clk_fpga_1 rise edge)
                                                      0.000     0.000 r  
    PS7_X0Y0             PS7                          0.000     0.000 r  multi_protocol_bd_i/processing_system7_0/inst/PS7_i/FCLKCLK[1]
                         net (fo=1, routed)           0.310     0.310    multi_protocol_bd_i/processing_system7_0/inst/FCLK_CLK_unbuffered[1]
    BUFGCTRL_X0Y16       BUFG (Prop_bufg_I_O)         0.026     0.336 r  multi_protocol_bd_i/processing_system7_0/inst/buffer_fclk_clk_1.FCLK_CLK_1_BUFG/O
                         net (fo=2462, routed)        0.637     0.973    multi_protocol_bd_i/v_tc_0/U0/U_VIDEO_CTRL/AXI4_LITE_INTERFACE.CORE_MUX0/vid_aclk
    SLICE_X49Y105        FDRE                                         r  multi_protocol_bd_i/v_tc_0/U0/U_VIDEO_CTRL/AXI4_LITE_INTERFACE.CORE_MUX0/GEN_TREE.GEN_BRANCH[3].GEN_MUX_REG.data_out_reg_reg[3][10]/C
  -------------------------------------------------------------------    -------------------
    SLICE_X49Y105        FDRE (Prop_fdre_C_Q)         0.141     1.114 r  multi_protocol_bd_i/v_tc_0/U0/U_VIDEO_CTRL/AXI4_LITE_INTERFACE.CORE_MUX0/GEN_TREE.GEN_BRANCH[3].GEN_MUX_REG.data_out_reg_reg[3][10]/Q
                         net (fo=1, routed)           0.196     1.310    multi_protocol_bd_i/v_tc_0/U0/U_VIDEO_CTRL/AXI4_LITE_INTERFACE.CORE_MUX0/GEN_TREE.GEN_BRANCH[3].GEN_MUX_REG.data_out_reg_reg[3]_2[10]
    SLICE_X52Y106        LUT5 (Prop_lut5_I4_O)        0.045     1.355 r  multi_protocol_bd_i/v_tc_0/U0/U_VIDEO_CTRL/AXI4_LITE_INTERFACE.CORE_MUX0/AXI4_LITE_INTERFACE.ipif_RdData[10]_i_3/O
                         net (fo=1, routed)           0.000     1.355    multi_protocol_bd_i/v_tc_0/U0/U_VIDEO_CTRL/AXI4_LITE_INTERFACE.SYNC2VIDCLK_I/AXI4_LITE_INTERFACE.ipif_RdData_reg[10]_0
    SLICE_X52Y106        MUXF7 (Prop_muxf7_I1_O)      0.065     1.420 r  multi_protocol_bd_i/v_tc_0/U0/U_VIDEO_CTRL/AXI4_LITE_INTERFACE.SYNC2VIDCLK_I/AXI4_LITE_INTERFACE.ipif_RdData_reg[10]_i_1/O
                         net (fo=1, routed)           0.000     1.420    multi_protocol_bd_i/v_tc_0/U0/U_VIDEO_CTRL/AXI4_LITE_INTERFACE.SYNC2VIDCLK_I_n_661
    SLICE_X52Y106        FDRE                                         r  multi_protocol_bd_i/v_tc_0/U0/U_VIDEO_CTRL/AXI4_LITE_INTERFACE.ipif_RdData_reg[10]/D
  -------------------------------------------------------------------    -------------------

                         (clock clk_fpga_1 rise edge)
                                                      0.000     0.000 r  
    PS7_X0Y0             PS7                          0.000     0.000 r  multi_protocol_bd_i/processing_system7_0/inst/PS7_i/FCLKCLK[1]
                         net (fo=1, routed)           0.337     0.337    multi_protocol_bd_i/processing_system7_0/inst/FCLK_CLK_unbuffered[1]
    BUFGCTRL_X0Y16       BUFG (Prop_bufg_I_O)         0.029     0.366 r  multi_protocol_bd_i/processing_system7_0/inst/buffer_fclk_clk_1.FCLK_CLK_1_BUFG/O
                         net (fo=2462, routed)        0.906     1.272    multi_protocol_bd_i/v_tc_0/U0/U_VIDEO_CTRL/vid_aclk
    SLICE_X52Y106        FDRE                                         r  multi_protocol_bd_i/v_tc_0/U0/U_VIDEO_CTRL/AXI4_LITE_INTERFACE.ipif_RdData_reg[10]/C
                         clock pessimism             -0.039     1.233    
    SLICE_X52Y106        FDRE (Hold_fdre_C_D)         0.105     1.338    multi_protocol_bd_i/v_tc_0/U0/U_VIDEO_CTRL/AXI4_LITE_INTERFACE.ipif_RdData_reg[10]
  -------------------------------------------------------------------
                         required time                         -1.338    
                         arrival time                           1.420    
  -------------------------------------------------------------------
                         slack                                  0.082    

Slack (MET) :             0.083ns  (arrival time - required time)
  Source:                 multi_protocol_bd_i/v_tc_0/U0/U_VIDEO_CTRL/AXI4_LITE_INTERFACE.GENR_MUX0/GEN_TREE.GEN_BRANCH[45].GEN_MUX_REG.data_out_reg_reg[45][7]/C
                            (rising edge-triggered cell FDRE clocked by clk_fpga_1  {rise@0.000ns fall@15.278ns period=30.555ns})
  Destination:            multi_protocol_bd_i/v_tc_0/U0/U_VIDEO_CTRL/AXI4_LITE_INTERFACE.GENR_MUX0/GEN_TREE.GEN_BRANCH[4].GEN_MUX_REG.data_out_reg_reg[4][7]/D
                            (rising edge-triggered cell FDRE clocked by clk_fpga_1  {rise@0.000ns fall@15.278ns period=30.555ns})
  Path Group:             clk_fpga_1
  Path Type:              Hold (Min at Fast Process Corner)
  Requirement:            0.000ns  (clk_fpga_1 rise@0.000ns - clk_fpga_1 rise@0.000ns)
  Data Path Delay:        0.370ns  (logic 0.251ns (67.879%)  route 0.119ns (32.121%))
  Logic Levels:           2  (LUT6=1 MUXF7=1)
  Clock Path Skew:        0.182ns (DCD - SCD - CPR)
    Destination Clock Delay (DCD):    1.215ns
    Source Clock Delay      (SCD):    0.998ns
    Clock Pessimism Removal (CPR):    0.035ns

    Location             Delay type                Incr(ns)  Path(ns)    Netlist Resource(s)
  -------------------------------------------------------------------    -------------------
                         (clock clk_fpga_1 rise edge)
                                                      0.000     0.000 r  
    PS7_X0Y0             PS7                          0.000     0.000 r  multi_protocol_bd_i/processing_system7_0/inst/PS7_i/FCLKCLK[1]
                         net (fo=1, routed)           0.310     0.310    multi_protocol_bd_i/processing_system7_0/inst/FCLK_CLK_unbuffered[1]
    BUFGCTRL_X0Y16       BUFG (Prop_bufg_I_O)         0.026     0.336 r  multi_protocol_bd_i/processing_system7_0/inst/buffer_fclk_clk_1.FCLK_CLK_1_BUFG/O
                         net (fo=2462, routed)        0.662     0.998    multi_protocol_bd_i/v_tc_0/U0/U_VIDEO_CTRL/AXI4_LITE_INTERFACE.GENR_MUX0/vid_aclk
    SLICE_X64Y100        FDRE                                         r  multi_protocol_bd_i/v_tc_0/U0/U_VIDEO_CTRL/AXI4_LITE_INTERFACE.GENR_MUX0/GEN_TREE.GEN_BRANCH[45].GEN_MUX_REG.data_out_reg_reg[45][7]/C
  -------------------------------------------------------------------    -------------------
    SLICE_X64Y100        FDRE (Prop_fdre_C_Q)         0.141     1.139 r  multi_protocol_bd_i/v_tc_0/U0/U_VIDEO_CTRL/AXI4_LITE_INTERFACE.GENR_MUX0/GEN_TREE.GEN_BRANCH[45].GEN_MUX_REG.data_out_reg_reg[45][7]/Q
                         net (fo=1, routed)           0.119     1.258    multi_protocol_bd_i/v_tc_0/U0/U_VIDEO_CTRL/AXI4_LITE_INTERFACE.GENR_MUX0/GEN_TREE.GEN_BRANCH[45].GEN_MUX_REG.data_out_reg_reg[45]_7[7]
    SLICE_X64Y98         LUT6 (Prop_lut6_I1_O)        0.045     1.303 r  multi_protocol_bd_i/v_tc_0/U0/U_VIDEO_CTRL/AXI4_LITE_INTERFACE.GENR_MUX0/GEN_TREE.GEN_BRANCH[4].GEN_MUX_REG.data_out_reg[4][7]_i_3/O
                         net (fo=1, routed)           0.000     1.303    multi_protocol_bd_i/v_tc_0/U0/U_VIDEO_CTRL/AXI4_LITE_INTERFACE.GENR_MUX0/GEN_TREE.GEN_BRANCH[4].GEN_MUX_REG.data_out_reg[4][7]_i_3_n_0
    SLICE_X64Y98         MUXF7 (Prop_muxf7_I1_O)      0.065     1.368 r  multi_protocol_bd_i/v_tc_0/U0/U_VIDEO_CTRL/AXI4_LITE_INTERFACE.GENR_MUX0/GEN_TREE.GEN_BRANCH[4].GEN_MUX_REG.data_out_reg_reg[4][7]_i_1/O
                         net (fo=1, routed)           0.000     1.368    multi_protocol_bd_i/v_tc_0/U0/U_VIDEO_CTRL/AXI4_LITE_INTERFACE.GENR_MUX0/GEN_TREE.GEN_BRANCH[4].GEN_MUX_REG.data_out_reg_reg[4][7]_i_1_n_0
    SLICE_X64Y98         FDRE                                         r  multi_protocol_bd_i/v_tc_0/U0/U_VIDEO_CTRL/AXI4_LITE_INTERFACE.GENR_MUX0/GEN_TREE.GEN_BRANCH[4].GEN_MUX_REG.data_out_reg_reg[4][7]/D
  -------------------------------------------------------------------    -------------------

                         (clock clk_fpga_1 rise edge)
                                                      0.000     0.000 r  
    PS7_X0Y0             PS7                          0.000     0.000 r  multi_protocol_bd_i/processing_system7_0/inst/PS7_i/FCLKCLK[1]
                         net (fo=1, routed)           0.337     0.337    multi_protocol_bd_i/processing_system7_0/inst/FCLK_CLK_unbuffered[1]
    BUFGCTRL_X0Y16       BUFG (Prop_bufg_I_O)         0.029     0.366 r  multi_protocol_bd_i/processing_system7_0/inst/buffer_fclk_clk_1.FCLK_CLK_1_BUFG/O
                         net (fo=2462, routed)        0.849     1.215    multi_protocol_bd_i/v_tc_0/U0/U_VIDEO_CTRL/AXI4_LITE_INTERFACE.GENR_MUX0/vid_aclk
    SLICE_X64Y98         FDRE                                         r  multi_protocol_bd_i/v_tc_0/U0/U_VIDEO_CTRL/AXI4_LITE_INTERFACE.GENR_MUX0/GEN_TREE.GEN_BRANCH[4].GEN_MUX_REG.data_out_reg_reg[4][7]/C
                         clock pessimism             -0.035     1.180    
    SLICE_X64Y98         FDRE (Hold_fdre_C_D)         0.105     1.285    multi_protocol_bd_i/v_tc_0/U0/U_VIDEO_CTRL/AXI4_LITE_INTERFACE.GENR_MUX0/GEN_TREE.GEN_BRANCH[4].GEN_MUX_REG.data_out_reg_reg[4][7]
  -------------------------------------------------------------------
                         required time                         -1.285    
                         arrival time                           1.368    
  -------------------------------------------------------------------
                         slack                                  0.083    

Slack (MET) :             0.085ns  (arrival time - required time)
  Source:                 multi_protocol_bd_i/v_tc_0/U0/U_VIDEO_CTRL/AXI4_LITE_INTERFACE.core_control_regs_int_reg[9][18]/C
                            (rising edge-triggered cell FDRE clocked by clk_fpga_1  {rise@0.000ns fall@15.278ns period=30.555ns})
  Destination:            multi_protocol_bd_i/v_tc_0/U0/U_VIDEO_CTRL/AXI4_LITE_INTERFACE.CORE_MUX0/GEN_TREE.GEN_BRANCH[4].GEN_MUX_REG.data_out_reg_reg[4][18]/D
                            (rising edge-triggered cell FDRE clocked by clk_fpga_1  {rise@0.000ns fall@15.278ns period=30.555ns})
  Path Group:             clk_fpga_1
  Path Type:              Hold (Min at Fast Process Corner)
  Requirement:            0.000ns  (clk_fpga_1 rise@0.000ns - clk_fpga_1 rise@0.000ns)
  Data Path Delay:        0.476ns  (logic 0.271ns (56.975%)  route 0.205ns (43.025%))
  Logic Levels:           2  (LUT6=1 MUXF7=1)
  Clock Path Skew:        0.256ns (DCD - SCD - CPR)
    Destination Clock Delay (DCD):    1.262ns
    Source Clock Delay      (SCD):    0.967ns
    Clock Pessimism Removal (CPR):    0.039ns

    Location             Delay type                Incr(ns)  Path(ns)    Netlist Resource(s)
  -------------------------------------------------------------------    -------------------
                         (clock clk_fpga_1 rise edge)
                                                      0.000     0.000 r  
    PS7_X0Y0             PS7                          0.000     0.000 r  multi_protocol_bd_i/processing_system7_0/inst/PS7_i/FCLKCLK[1]
                         net (fo=1, routed)           0.310     0.310    multi_protocol_bd_i/processing_system7_0/inst/FCLK_CLK_unbuffered[1]
    BUFGCTRL_X0Y16       BUFG (Prop_bufg_I_O)         0.026     0.336 r  multi_protocol_bd_i/processing_system7_0/inst/buffer_fclk_clk_1.FCLK_CLK_1_BUFG/O
                         net (fo=2462, routed)        0.631     0.967    multi_protocol_bd_i/v_tc_0/U0/U_VIDEO_CTRL/vid_aclk
    SLICE_X46Y118        FDRE                                         r  multi_protocol_bd_i/v_tc_0/U0/U_VIDEO_CTRL/AXI4_LITE_INTERFACE.core_control_regs_int_reg[9][18]/C
  -------------------------------------------------------------------    -------------------
    SLICE_X46Y118        FDRE (Prop_fdre_C_Q)         0.164     1.131 r  multi_protocol_bd_i/v_tc_0/U0/U_VIDEO_CTRL/AXI4_LITE_INTERFACE.core_control_regs_int_reg[9][18]/Q
                         net (fo=1, routed)           0.205     1.336    multi_protocol_bd_i/v_tc_0/U0/U_VIDEO_CTRL/AXI4_LITE_INTERFACE.GENR_MUX0/core_regs[220]
    SLICE_X50Y119        LUT6 (Prop_lut6_I3_O)        0.045     1.381 r  multi_protocol_bd_i/v_tc_0/U0/U_VIDEO_CTRL/AXI4_LITE_INTERFACE.GENR_MUX0/GEN_TREE.GEN_BRANCH[4].GEN_MUX_REG.data_out_reg[4][18]_i_2__0/O
                         net (fo=1, routed)           0.000     1.381    multi_protocol_bd_i/v_tc_0/U0/U_VIDEO_CTRL/AXI4_LITE_INTERFACE.GENR_MUX0/GEN_TREE.GEN_BRANCH[4].GEN_MUX_REG.data_out_reg[4][18]_i_2__0_n_0
    SLICE_X50Y119        MUXF7 (Prop_muxf7_I0_O)      0.062     1.443 r  multi_protocol_bd_i/v_tc_0/U0/U_VIDEO_CTRL/AXI4_LITE_INTERFACE.GENR_MUX0/GEN_TREE.GEN_BRANCH[4].GEN_MUX_REG.data_out_reg_reg[4][18]_i_1__0/O
                         net (fo=1, routed)           0.000     1.443    multi_protocol_bd_i/v_tc_0/U0/U_VIDEO_CTRL/AXI4_LITE_INTERFACE.CORE_MUX0/GEN_TREE.GEN_BRANCH[4].GEN_MUX_REG.data_out_reg_reg[4][18]_0
    SLICE_X50Y119        FDRE                                         r  multi_protocol_bd_i/v_tc_0/U0/U_VIDEO_CTRL/AXI4_LITE_INTERFACE.CORE_MUX0/GEN_TREE.GEN_BRANCH[4].GEN_MUX_REG.data_out_reg_reg[4][18]/D
  -------------------------------------------------------------------    -------------------

                         (clock clk_fpga_1 rise edge)
                                                      0.000     0.000 r  
    PS7_X0Y0             PS7                          0.000     0.000 r  multi_protocol_bd_i/processing_system7_0/inst/PS7_i/FCLKCLK[1]
                         net (fo=1, routed)           0.337     0.337    multi_protocol_bd_i/processing_system7_0/inst/FCLK_CLK_unbuffered[1]
    BUFGCTRL_X0Y16       BUFG (Prop_bufg_I_O)         0.029     0.366 r  multi_protocol_bd_i/processing_system7_0/inst/buffer_fclk_clk_1.FCLK_CLK_1_BUFG/O
                         net (fo=2462, routed)        0.896     1.262    multi_protocol_bd_i/v_tc_0/U0/U_VIDEO_CTRL/AXI4_LITE_INTERFACE.CORE_MUX0/vid_aclk
    SLICE_X50Y119        FDRE                                         r  multi_protocol_bd_i/v_tc_0/U0/U_VIDEO_CTRL/AXI4_LITE_INTERFACE.CORE_MUX0/GEN_TREE.GEN_BRANCH[4].GEN_MUX_REG.data_out_reg_reg[4][18]/C
                         clock pessimism             -0.039     1.223    
    SLICE_X50Y119        FDRE (Hold_fdre_C_D)         0.134     1.357    multi_protocol_bd_i/v_tc_0/U0/U_VIDEO_CTRL/AXI4_LITE_INTERFACE.CORE_MUX0/GEN_TREE.GEN_BRANCH[4].GEN_MUX_REG.data_out_reg_reg[4][18]
  -------------------------------------------------------------------
                         required time                         -1.357    
                         arrival time                           1.443    
  -------------------------------------------------------------------
                         slack                                  0.085    

Slack (MET) :             0.092ns  (arrival time - required time)
  Source:                 multi_protocol_bd_i/v_tc_0/U0/U_VIDEO_CTRL/AXI4_LITE_INTERFACE.GENR_MUX0/GEN_TREE.GEN_BRANCH[31].GEN_MUX_REG.data_out_reg_reg[31][2]/C
                            (rising edge-triggered cell FDRE clocked by clk_fpga_1  {rise@0.000ns fall@15.278ns period=30.555ns})
  Destination:            multi_protocol_bd_i/v_tc_0/U0/U_VIDEO_CTRL/AXI4_LITE_INTERFACE.GENR_MUX0/GEN_TREE.GEN_BRANCH[3].GEN_MUX_REG.data_out_reg_reg[3][2]/D
                            (rising edge-triggered cell FDRE clocked by clk_fpga_1  {rise@0.000ns fall@15.278ns period=30.555ns})
  Path Group:             clk_fpga_1
  Path Type:              Hold (Min at Fast Process Corner)
  Requirement:            0.000ns  (clk_fpga_1 rise@0.000ns - clk_fpga_1 rise@0.000ns)
  Data Path Delay:        0.364ns  (logic 0.186ns (51.101%)  route 0.178ns (48.899%))
  Logic Levels:           1  (LUT6=1)
  Clock Path Skew:        0.181ns (DCD - SCD - CPR)
    Destination Clock Delay (DCD):    1.187ns
    Source Clock Delay      (SCD):    0.971ns
    Clock Pessimism Removal (CPR):    0.035ns

    Location             Delay type                Incr(ns)  Path(ns)    Netlist Resource(s)
  -------------------------------------------------------------------    -------------------
                         (clock clk_fpga_1 rise edge)
                                                      0.000     0.000 r  
    PS7_X0Y0             PS7                          0.000     0.000 r  multi_protocol_bd_i/processing_system7_0/inst/PS7_i/FCLKCLK[1]
                         net (fo=1, routed)           0.310     0.310    multi_protocol_bd_i/processing_system7_0/inst/FCLK_CLK_unbuffered[1]
    BUFGCTRL_X0Y16       BUFG (Prop_bufg_I_O)         0.026     0.336 r  multi_protocol_bd_i/processing_system7_0/inst/buffer_fclk_clk_1.FCLK_CLK_1_BUFG/O
                         net (fo=2462, routed)        0.635     0.971    multi_protocol_bd_i/v_tc_0/U0/U_VIDEO_CTRL/AXI4_LITE_INTERFACE.GENR_MUX0/vid_aclk
    SLICE_X51Y100        FDRE                                         r  multi_protocol_bd_i/v_tc_0/U0/U_VIDEO_CTRL/AXI4_LITE_INTERFACE.GENR_MUX0/GEN_TREE.GEN_BRANCH[31].GEN_MUX_REG.data_out_reg_reg[31][2]/C
  -------------------------------------------------------------------    -------------------
    SLICE_X51Y100        FDRE (Prop_fdre_C_Q)         0.141     1.112 r  multi_protocol_bd_i/v_tc_0/U0/U_VIDEO_CTRL/AXI4_LITE_INTERFACE.GENR_MUX0/GEN_TREE.GEN_BRANCH[31].GEN_MUX_REG.data_out_reg_reg[31][2]/Q
                         net (fo=1, routed)           0.178     1.290    multi_protocol_bd_i/v_tc_0/U0/U_VIDEO_CTRL/AXI4_LITE_INTERFACE.GENR_MUX0/GEN_TREE.GEN_BRANCH[31].GEN_MUX_REG.data_out_reg_reg[31]_20[2]
    SLICE_X53Y99         LUT6 (Prop_lut6_I2_O)        0.045     1.335 r  multi_protocol_bd_i/v_tc_0/U0/U_VIDEO_CTRL/AXI4_LITE_INTERFACE.GENR_MUX0/GEN_TREE.GEN_BRANCH[3].GEN_MUX_REG.data_out_reg[3][2]_i_1/O
                         net (fo=1, routed)           0.000     1.335    multi_protocol_bd_i/v_tc_0/U0/U_VIDEO_CTRL/AXI4_LITE_INTERFACE.GENR_MUX0/GEN_TREE.GEN_BRANCH[3].GEN_MUX_REG.data_out_reg[3][2]_i_1_n_0
    SLICE_X53Y99         FDRE                                         r  multi_protocol_bd_i/v_tc_0/U0/U_VIDEO_CTRL/AXI4_LITE_INTERFACE.GENR_MUX0/GEN_TREE.GEN_BRANCH[3].GEN_MUX_REG.data_out_reg_reg[3][2]/D
  -------------------------------------------------------------------    -------------------

                         (clock clk_fpga_1 rise edge)
                                                      0.000     0.000 r  
    PS7_X0Y0             PS7                          0.000     0.000 r  multi_protocol_bd_i/processing_system7_0/inst/PS7_i/FCLKCLK[1]
                         net (fo=1, routed)           0.337     0.337    multi_protocol_bd_i/processing_system7_0/inst/FCLK_CLK_unbuffered[1]
    BUFGCTRL_X0Y16       BUFG (Prop_bufg_I_O)         0.029     0.366 r  multi_protocol_bd_i/processing_system7_0/inst/buffer_fclk_clk_1.FCLK_CLK_1_BUFG/O
                         net (fo=2462, routed)        0.821     1.187    multi_protocol_bd_i/v_tc_0/U0/U_VIDEO_CTRL/AXI4_LITE_INTERFACE.GENR_MUX0/vid_aclk
    SLICE_X53Y99         FDRE                                         r  multi_protocol_bd_i/v_tc_0/U0/U_VIDEO_CTRL/AXI4_LITE_INTERFACE.GENR_MUX0/GEN_TREE.GEN_BRANCH[3].GEN_MUX_REG.data_out_reg_reg[3][2]/C
                         clock pessimism             -0.035     1.152    
    SLICE_X53Y99         FDRE (Hold_fdre_C_D)         0.091     1.243    multi_protocol_bd_i/v_tc_0/U0/U_VIDEO_CTRL/AXI4_LITE_INTERFACE.GENR_MUX0/GEN_TREE.GEN_BRANCH[3].GEN_MUX_REG.data_out_reg_reg[3][2]
  -------------------------------------------------------------------
                         required time                         -1.243    
                         arrival time                           1.335    
  -------------------------------------------------------------------
                         slack                                  0.092    

Slack (MET) :             0.095ns  (arrival time - required time)
  Source:                 multi_protocol_bd_i/v_tc_0/U0/U_VIDEO_CTRL/AXI4_LITE_INTERFACE.time_control_regs_int_reg[22][2]/C
                            (rising edge-triggered cell FDRE clocked by clk_fpga_1  {rise@0.000ns fall@15.278ns period=30.555ns})
  Destination:            multi_protocol_bd_i/v_tc_0/U0/U_VIDEO_CTRL/AXI4_LITE_INTERFACE.GENR_MUX0/GEN_TREE.GEN_BRANCH[46].GEN_MUX_REG.data_out_reg_reg[46][2]/D
                            (rising edge-triggered cell FDRE clocked by clk_fpga_1  {rise@0.000ns fall@15.278ns period=30.555ns})
  Path Group:             clk_fpga_1
  Path Type:              Hold (Min at Fast Process Corner)
  Requirement:            0.000ns  (clk_fpga_1 rise@0.000ns - clk_fpga_1 rise@0.000ns)
  Data Path Delay:        0.397ns  (logic 0.186ns (46.887%)  route 0.211ns (53.113%))
  Logic Levels:           1  (LUT3=1)
  Clock Path Skew:        0.181ns (DCD - SCD - CPR)
    Destination Clock Delay (DCD):    1.214ns
    Source Clock Delay      (SCD):    0.998ns
    Clock Pessimism Removal (CPR):    0.035ns

    Location             Delay type                Incr(ns)  Path(ns)    Netlist Resource(s)
  -------------------------------------------------------------------    -------------------
                         (clock clk_fpga_1 rise edge)
                                                      0.000     0.000 r  
    PS7_X0Y0             PS7                          0.000     0.000 r  multi_protocol_bd_i/processing_system7_0/inst/PS7_i/FCLKCLK[1]
                         net (fo=1, routed)           0.310     0.310    multi_protocol_bd_i/processing_system7_0/inst/FCLK_CLK_unbuffered[1]
    BUFGCTRL_X0Y16       BUFG (Prop_bufg_I_O)         0.026     0.336 r  multi_protocol_bd_i/processing_system7_0/inst/buffer_fclk_clk_1.FCLK_CLK_1_BUFG/O
                         net (fo=2462, routed)        0.662     0.998    multi_protocol_bd_i/v_tc_0/U0/U_VIDEO_CTRL/vid_aclk
    SLICE_X60Y100        FDRE                                         r  multi_protocol_bd_i/v_tc_0/U0/U_VIDEO_CTRL/AXI4_LITE_INTERFACE.time_control_regs_int_reg[22][2]/C
  -------------------------------------------------------------------    -------------------
    SLICE_X60Y100        FDRE (Prop_fdre_C_Q)         0.141     1.139 r  multi_protocol_bd_i/v_tc_0/U0/U_VIDEO_CTRL/AXI4_LITE_INTERFACE.time_control_regs_int_reg[22][2]/Q
                         net (fo=2, routed)           0.211     1.350    multi_protocol_bd_i/v_tc_0/U0/U_VIDEO_CTRL/AXI4_LITE_INTERFACE.SYNC2VIDCLK_I/genr_regs[51]
    SLICE_X58Y99         LUT3 (Prop_lut3_I2_O)        0.045     1.395 r  multi_protocol_bd_i/v_tc_0/U0/U_VIDEO_CTRL/AXI4_LITE_INTERFACE.SYNC2VIDCLK_I/GEN_TREE.GEN_BRANCH[46].GEN_MUX_REG.data_out_reg[46][2]_i_1/O
                         net (fo=1, routed)           0.000     1.395    multi_protocol_bd_i/v_tc_0/U0/U_VIDEO_CTRL/AXI4_LITE_INTERFACE.GENR_MUX0/GEN_TREE.GEN_BRANCH[46].GEN_MUX_REG.data_out_reg_reg[46][2]_0
    SLICE_X58Y99         FDRE                                         r  multi_protocol_bd_i/v_tc_0/U0/U_VIDEO_CTRL/AXI4_LITE_INTERFACE.GENR_MUX0/GEN_TREE.GEN_BRANCH[46].GEN_MUX_REG.data_out_reg_reg[46][2]/D
  -------------------------------------------------------------------    -------------------

                         (clock clk_fpga_1 rise edge)
                                                      0.000     0.000 r  
    PS7_X0Y0             PS7                          0.000     0.000 r  multi_protocol_bd_i/processing_system7_0/inst/PS7_i/FCLKCLK[1]
                         net (fo=1, routed)           0.337     0.337    multi_protocol_bd_i/processing_system7_0/inst/FCLK_CLK_unbuffered[1]
    BUFGCTRL_X0Y16       BUFG (Prop_bufg_I_O)         0.029     0.366 r  multi_protocol_bd_i/processing_system7_0/inst/buffer_fclk_clk_1.FCLK_CLK_1_BUFG/O
                         net (fo=2462, routed)        0.848     1.214    multi_protocol_bd_i/v_tc_0/U0/U_VIDEO_CTRL/AXI4_LITE_INTERFACE.GENR_MUX0/vid_aclk
    SLICE_X58Y99         FDRE                                         r  multi_protocol_bd_i/v_tc_0/U0/U_VIDEO_CTRL/AXI4_LITE_INTERFACE.GENR_MUX0/GEN_TREE.GEN_BRANCH[46].GEN_MUX_REG.data_out_reg_reg[46][2]/C
                         clock pessimism             -0.035     1.179    
    SLICE_X58Y99         FDRE (Hold_fdre_C_D)         0.121     1.300    multi_protocol_bd_i/v_tc_0/U0/U_VIDEO_CTRL/AXI4_LITE_INTERFACE.GENR_MUX0/GEN_TREE.GEN_BRANCH[46].GEN_MUX_REG.data_out_reg_reg[46][2]
  -------------------------------------------------------------------
                         required time                         -1.300    
                         arrival time                           1.395    
  -------------------------------------------------------------------
                         slack                                  0.095    





Pulse Width Checks
--------------------------------------------------------------------------------------
Clock Name:         clk_fpga_1
Waveform(ns):       { 0.000 15.278 }
Period(ns):         30.555
Sources:            { multi_protocol_bd_i/processing_system7_0/inst/PS7_i/FCLKCLK[1] }

Check Type        Corner  Lib Pin             Reference Pin  Required(ns)  Actual(ns)  Slack(ns)  Location        Pin
Min Period        n/a     RAMB36E1/CLKBWRCLK  n/a            2.170         30.555      28.385     RAMB36_X2Y7     multi_protocol_bd_i/v_axi4s_vid_out_0/inst/COUPLER_INST/generate_async_fifo.FIFO_INST/XPM_FIFO_ASYNC_INST/gnuram_async_fifo.xpm_fifo_base_inst/gen_sdpram.xpm_memory_base_inst/gen_wr_a.gen_word_narrow.mem_reg/CLKBWRCLK
Min Period        n/a     BUFG/I              n/a            1.592         30.555      28.963     BUFGCTRL_X0Y16  multi_protocol_bd_i/processing_system7_0/inst/buffer_fclk_clk_1.FCLK_CLK_1_BUFG/I
Min Period        n/a     FDRE/C              n/a            1.000         30.555      29.555     SLICE_X46Y65    multi_protocol_bd_i/v_axi4s_vid_out_0/inst/SYNC_INST/fifo_eol_cnt_reg[9]/C
Min Period        n/a     FDRE/C              n/a            1.000         30.555      29.555     SLICE_X45Y42    multi_protocol_bd_i/v_axi4s_vid_out_0/inst/SYNC_INST/fifo_eol_dly_reg/C
Min Period        n/a     FDRE/C              n/a            1.000         30.555      29.555     SLICE_X45Y42    multi_protocol_bd_i/v_axi4s_vid_out_0/inst/SYNC_INST/fifo_eol_re_dly_reg/C
Min Period        n/a     FDRE/C              n/a            1.000         30.555      29.555     SLICE_X50Y65    multi_protocol_bd_i/v_axi4s_vid_out_0/inst/SYNC_INST/fifo_sof_cnt_reg[0]/C
Min Period        n/a     FDRE/C              n/a            1.000         30.555      29.555     SLICE_X63Y120   multi_protocol_bd_i/v_tc_0/U0/U_VIDEO_CTRL/AXI4_LITE_INTERFACE.GENR_MUX0/GEN_TREE.GEN_BRANCH[35].GEN_MUX_REG.data_out_reg_reg[35][19]/C
Min Period        n/a     FDRE/C              n/a            1.000         30.555      29.555     SLICE_X48Y106   multi_protocol_bd_i/v_tc_0/U0/U_VIDEO_CTRL/AXI4_LITE_INTERFACE.GENR_MUX0/GEN_TREE.GEN_BRANCH[35].GEN_MUX_REG.data_out_reg_reg[35][1]/C
Min Period        n/a     FDRE/C              n/a            1.000         30.555      29.555     SLICE_X64Y120   multi_protocol_bd_i/v_tc_0/U0/U_VIDEO_CTRL/AXI4_LITE_INTERFACE.GENR_MUX0/GEN_TREE.GEN_BRANCH[35].GEN_MUX_REG.data_out_reg_reg[35][20]/C
Min Period        n/a     FDRE/C              n/a            1.000         30.555      29.555     SLICE_X58Y121   multi_protocol_bd_i/v_tc_0/U0/U_VIDEO_CTRL/AXI4_LITE_INTERFACE.GENR_MUX0/GEN_TREE.GEN_BRANCH[35].GEN_MUX_REG.data_out_reg_reg[35][21]/C
Low Pulse Width   Slow    SRL16E/CLK          n/a            0.854         15.278      14.424     SLICE_X50Y98    multi_protocol_bd_i/v_tc_0/U0/U_TC_TOP/detect_en_d_reg[1]_srl2___U_TC_TOP_detect_en_d_reg_r_0/CLK
Low Pulse Width   Fast    SRL16E/CLK          n/a            0.854         15.278      14.424     SLICE_X50Y98    multi_protocol_bd_i/v_tc_0/U0/U_TC_TOP/detect_en_d_reg[1]_srl2___U_TC_TOP_detect_en_d_reg_r_0/CLK
Low Pulse Width   Slow    SRL16E/CLK          n/a            0.854         15.278      14.424     SLICE_X50Y98    multi_protocol_bd_i/v_tc_0/U0/U_TC_TOP/generate_en_d_reg[1]_srl2___U_TC_TOP_detect_en_d_reg_r_0/CLK
Low Pulse Width   Fast    SRL16E/CLK          n/a            0.854         15.278      14.424     SLICE_X50Y98    multi_protocol_bd_i/v_tc_0/U0/U_TC_TOP/generate_en_d_reg[1]_srl2___U_TC_TOP_detect_en_d_reg_r_0/CLK
Low Pulse Width   Slow    SRL16E/CLK          n/a            0.854         15.278      14.424     SLICE_X38Y102   multi_protocol_bd_i/v_tc_0/U0/U_VIDEO_CTRL/AXI4_LITE_INTERFACE.CORE_MUX0/GEN_SEL_DELAY[3].sel_int_reg[3][1]_srl2/CLK
Low Pulse Width   Fast    SRL16E/CLK          n/a            0.854         15.278      14.424     SLICE_X38Y102   multi_protocol_bd_i/v_tc_0/U0/U_VIDEO_CTRL/AXI4_LITE_INTERFACE.CORE_MUX0/GEN_SEL_DELAY[3].sel_int_reg[3][1]_srl2/CLK
Low Pulse Width   Slow    SRL16E/CLK          n/a            0.854         15.278      14.424     SLICE_X38Y102   multi_protocol_bd_i/v_tc_0/U0/U_VIDEO_CTRL/AXI4_LITE_INTERFACE.GENR_MUX0/GEN_SEL_DELAY[4].sel_int_reg[4][1]_srl3/CLK
Low Pulse Width   Fast    SRL16E/CLK          n/a            0.854         15.278      14.424     SLICE_X38Y102   multi_protocol_bd_i/v_tc_0/U0/U_VIDEO_CTRL/AXI4_LITE_INTERFACE.GENR_MUX0/GEN_SEL_DELAY[4].sel_int_reg[4][1]_srl3/CLK
Low Pulse Width   Slow    SRL16E/CLK          n/a            0.854         15.278      14.424     SLICE_X38Y102   multi_protocol_bd_i/v_tc_0/U0/U_VIDEO_CTRL/AXI4_LITE_INTERFACE.GENR_MUX0/GEN_SEL_DELAY[5].sel_int_reg[5][1]_srl4/CLK
Low Pulse Width   Fast    SRL16E/CLK          n/a            0.854         15.278      14.424     SLICE_X38Y102   multi_protocol_bd_i/v_tc_0/U0/U_VIDEO_CTRL/AXI4_LITE_INTERFACE.GENR_MUX0/GEN_SEL_DELAY[5].sel_int_reg[5][1]_srl4/CLK
High Pulse Width  Slow    SRL16E/CLK          n/a            0.854         15.278      14.424     SLICE_X50Y98    multi_protocol_bd_i/v_tc_0/U0/U_TC_TOP/detect_en_d_reg[1]_srl2___U_TC_TOP_detect_en_d_reg_r_0/CLK
High Pulse Width  Fast    SRL16E/CLK          n/a            0.854         15.278      14.424     SLICE_X50Y98    multi_protocol_bd_i/v_tc_0/U0/U_TC_TOP/detect_en_d_reg[1]_srl2___U_TC_TOP_detect_en_d_reg_r_0/CLK
High Pulse Width  Slow    SRL16E/CLK          n/a            0.854         15.278      14.424     SLICE_X50Y98    multi_protocol_bd_i/v_tc_0/U0/U_TC_TOP/generate_en_d_reg[1]_srl2___U_TC_TOP_detect_en_d_reg_r_0/CLK
High Pulse Width  Fast    SRL16E/CLK          n/a            0.854         15.278      14.424     SLICE_X50Y98    multi_protocol_bd_i/v_tc_0/U0/U_TC_TOP/generate_en_d_reg[1]_srl2___U_TC_TOP_detect_en_d_reg_r_0/CLK
High Pulse Width  Slow    SRL16E/CLK          n/a            0.854         15.278      14.424     SLICE_X38Y102   multi_protocol_bd_i/v_tc_0/U0/U_VIDEO_CTRL/AXI4_LITE_INTERFACE.CORE_MUX0/GEN_SEL_DELAY[3].sel_int_reg[3][1]_srl2/CLK
High Pulse Width  Fast    SRL16E/CLK          n/a            0.854         15.278      14.424     SLICE_X38Y102   multi_protocol_bd_i/v_tc_0/U0/U_VIDEO_CTRL/AXI4_LITE_INTERFACE.CORE_MUX0/GEN_SEL_DELAY[3].sel_int_reg[3][1]_srl2/CLK
High Pulse Width  Slow    SRL16E/CLK          n/a            0.854         15.278      14.424     SLICE_X38Y102   multi_protocol_bd_i/v_tc_0/U0/U_VIDEO_CTRL/AXI4_LITE_INTERFACE.GENR_MUX0/GEN_SEL_DELAY[4].sel_int_reg[4][1]_srl3/CLK
High Pulse Width  Fast    SRL16E/CLK          n/a            0.854         15.278      14.424     SLICE_X38Y102   multi_protocol_bd_i/v_tc_0/U0/U_VIDEO_CTRL/AXI4_LITE_INTERFACE.GENR_MUX0/GEN_SEL_DELAY[4].sel_int_reg[4][1]_srl3/CLK
High Pulse Width  Slow    SRL16E/CLK          n/a            0.854         15.278      14.424     SLICE_X38Y102   multi_protocol_bd_i/v_tc_0/U0/U_VIDEO_CTRL/AXI4_LITE_INTERFACE.GENR_MUX0/GEN_SEL_DELAY[5].sel_int_reg[5][1]_srl4/CLK
High Pulse Width  Fast    SRL16E/CLK          n/a            0.854         15.278      14.424     SLICE_X38Y102   multi_protocol_bd_i/v_tc_0/U0/U_VIDEO_CTRL/AXI4_LITE_INTERFACE.GENR_MUX0/GEN_SEL_DELAY[5].sel_int_reg[5][1]_srl4/CLK



---------------------------------------------------------------------------------------------------
From Clock:  clk_fpga_1
  To Clock:  clk_fpga_0

Setup :            0  Failing Endpoints,  Worst Slack       29.161ns,  Total Violation        0.000ns
Hold  :           NA  Failing Endpoints,  Worst Slack           NA  ,  Total Violation           NA
---------------------------------------------------------------------------------------------------


Max Delay Paths
--------------------------------------------------------------------------------------
Slack (MET) :             29.161ns  (required time - arrival time)
  Source:                 multi_protocol_bd_i/v_tc_0/U0/U_VIDEO_CTRL/AXI4_LITE_INTERFACE.ipif_RdData_reg[17]/C
                            (rising edge-triggered cell FDRE clocked by clk_fpga_1  {rise@0.000ns fall@15.278ns period=30.555ns})
  Destination:            multi_protocol_bd_i/v_tc_0/U0/U_VIDEO_CTRL/AXI4_LITE_INTERFACE.SYNC2PROCCLK_I/data_sync_reg[0][17]/D
                            (rising edge-triggered cell FDRE clocked by clk_fpga_0  {rise@0.000ns fall@5.000ns period=10.000ns})
  Path Group:             clk_fpga_0
  Path Type:              Setup (Max at Slow Process Corner)
  Requirement:            30.555ns  (MaxDelay Path 30.555ns)
  Data Path Delay:        1.319ns  (logic 0.433ns (32.831%)  route 0.886ns (67.169%))
  Logic Levels:           0  
  Timing Exception:       MaxDelay Path 30.555ns -datapath_only

    Location             Delay type                Incr(ns)  Path(ns)    Netlist Resource(s)
  -------------------------------------------------------------------    -------------------
    SLICE_X54Y116                                     0.000     0.000 r  multi_protocol_bd_i/v_tc_0/U0/U_VIDEO_CTRL/AXI4_LITE_INTERFACE.ipif_RdData_reg[17]/C
    SLICE_X54Y116        FDRE (Prop_fdre_C_Q)         0.433     0.433 r  multi_protocol_bd_i/v_tc_0/U0/U_VIDEO_CTRL/AXI4_LITE_INTERFACE.ipif_RdData_reg[17]/Q
                         net (fo=1, routed)           0.886     1.319    multi_protocol_bd_i/v_tc_0/U0/U_VIDEO_CTRL/AXI4_LITE_INTERFACE.SYNC2PROCCLK_I/in_data[17]
    SLICE_X48Y107        FDRE                                         r  multi_protocol_bd_i/v_tc_0/U0/U_VIDEO_CTRL/AXI4_LITE_INTERFACE.SYNC2PROCCLK_I/data_sync_reg[0][17]/D
  -------------------------------------------------------------------    -------------------

                         max delay                   30.555    30.555    
    SLICE_X48Y107        FDRE (Setup_fdre_C_D)       -0.075    30.480    multi_protocol_bd_i/v_tc_0/U0/U_VIDEO_CTRL/AXI4_LITE_INTERFACE.SYNC2PROCCLK_I/data_sync_reg[0][17]
  -------------------------------------------------------------------
                         required time                         30.480    
                         arrival time                          -1.319    
  -------------------------------------------------------------------
                         slack                                 29.161    

Slack (MET) :             29.290ns  (required time - arrival time)
  Source:                 multi_protocol_bd_i/v_tc_0/U0/U_VIDEO_CTRL/AXI4_LITE_INTERFACE.ipif_RdData_reg[10]/C
                            (rising edge-triggered cell FDRE clocked by clk_fpga_1  {rise@0.000ns fall@15.278ns period=30.555ns})
  Destination:            multi_protocol_bd_i/v_tc_0/U0/U_VIDEO_CTRL/AXI4_LITE_INTERFACE.SYNC2PROCCLK_I/data_sync_reg[0][10]/D
                            (rising edge-triggered cell FDRE clocked by clk_fpga_0  {rise@0.000ns fall@5.000ns period=10.000ns})
  Path Group:             clk_fpga_0
  Path Type:              Setup (Max at Slow Process Corner)
  Requirement:            30.555ns  (MaxDelay Path 30.555ns)
  Data Path Delay:        1.190ns  (logic 0.379ns (31.842%)  route 0.811ns (68.158%))
  Logic Levels:           0  
  Timing Exception:       MaxDelay Path 30.555ns -datapath_only

    Location             Delay type                Incr(ns)  Path(ns)    Netlist Resource(s)
  -------------------------------------------------------------------    -------------------
    SLICE_X52Y106                                     0.000     0.000 r  multi_protocol_bd_i/v_tc_0/U0/U_VIDEO_CTRL/AXI4_LITE_INTERFACE.ipif_RdData_reg[10]/C
    SLICE_X52Y106        FDRE (Prop_fdre_C_Q)         0.379     0.379 r  multi_protocol_bd_i/v_tc_0/U0/U_VIDEO_CTRL/AXI4_LITE_INTERFACE.ipif_RdData_reg[10]/Q
                         net (fo=1, routed)           0.811     1.190    multi_protocol_bd_i/v_tc_0/U0/U_VIDEO_CTRL/AXI4_LITE_INTERFACE.SYNC2PROCCLK_I/in_data[10]
    SLICE_X44Y95         FDRE                                         r  multi_protocol_bd_i/v_tc_0/U0/U_VIDEO_CTRL/AXI4_LITE_INTERFACE.SYNC2PROCCLK_I/data_sync_reg[0][10]/D
  -------------------------------------------------------------------    -------------------

                         max delay                   30.555    30.555    
    SLICE_X44Y95         FDRE (Setup_fdre_C_D)       -0.075    30.480    multi_protocol_bd_i/v_tc_0/U0/U_VIDEO_CTRL/AXI4_LITE_INTERFACE.SYNC2PROCCLK_I/data_sync_reg[0][10]
  -------------------------------------------------------------------
                         required time                         30.480    
                         arrival time                          -1.190    
  -------------------------------------------------------------------
                         slack                                 29.290    

Slack (MET) :             29.304ns  (required time - arrival time)
  Source:                 multi_protocol_bd_i/v_tc_0/U0/U_VIDEO_CTRL/AXI4_LITE_INTERFACE.ipif_RdData_reg[18]/C
                            (rising edge-triggered cell FDRE clocked by clk_fpga_1  {rise@0.000ns fall@15.278ns period=30.555ns})
  Destination:            multi_protocol_bd_i/v_tc_0/U0/U_VIDEO_CTRL/AXI4_LITE_INTERFACE.SYNC2PROCCLK_I/data_sync_reg[0][18]/D
                            (rising edge-triggered cell FDRE clocked by clk_fpga_0  {rise@0.000ns fall@5.000ns period=10.000ns})
  Path Group:             clk_fpga_0
  Path Type:              Setup (Max at Slow Process Corner)
  Requirement:            30.555ns  (MaxDelay Path 30.555ns)
  Data Path Delay:        1.176ns  (logic 0.379ns (32.233%)  route 0.797ns (67.767%))
  Logic Levels:           0  
  Timing Exception:       MaxDelay Path 30.555ns -datapath_only

    Location             Delay type                Incr(ns)  Path(ns)    Netlist Resource(s)
  -------------------------------------------------------------------    -------------------
    SLICE_X52Y113                                     0.000     0.000 r  multi_protocol_bd_i/v_tc_0/U0/U_VIDEO_CTRL/AXI4_LITE_INTERFACE.ipif_RdData_reg[18]/C
    SLICE_X52Y113        FDRE (Prop_fdre_C_Q)         0.379     0.379 r  multi_protocol_bd_i/v_tc_0/U0/U_VIDEO_CTRL/AXI4_LITE_INTERFACE.ipif_RdData_reg[18]/Q
                         net (fo=1, routed)           0.797     1.176    multi_protocol_bd_i/v_tc_0/U0/U_VIDEO_CTRL/AXI4_LITE_INTERFACE.SYNC2PROCCLK_I/in_data[18]
    SLICE_X51Y101        FDRE                                         r  multi_protocol_bd_i/v_tc_0/U0/U_VIDEO_CTRL/AXI4_LITE_INTERFACE.SYNC2PROCCLK_I/data_sync_reg[0][18]/D
  -------------------------------------------------------------------    -------------------

                         max delay                   30.555    30.555    
    SLICE_X51Y101        FDRE (Setup_fdre_C_D)       -0.075    30.480    multi_protocol_bd_i/v_tc_0/U0/U_VIDEO_CTRL/AXI4_LITE_INTERFACE.SYNC2PROCCLK_I/data_sync_reg[0][18]
  -------------------------------------------------------------------
                         required time                         30.480    
                         arrival time                          -1.176    
  -------------------------------------------------------------------
                         slack                                 29.304    

Slack (MET) :             29.367ns  (required time - arrival time)
  Source:                 multi_protocol_bd_i/v_tc_0/U0/U_VIDEO_CTRL/AXI4_LITE_INTERFACE.ipif_RdData_reg[9]/C
                            (rising edge-triggered cell FDRE clocked by clk_fpga_1  {rise@0.000ns fall@15.278ns period=30.555ns})
  Destination:            multi_protocol_bd_i/v_tc_0/U0/U_VIDEO_CTRL/AXI4_LITE_INTERFACE.SYNC2PROCCLK_I/data_sync_reg[0][9]/D
                            (rising edge-triggered cell FDRE clocked by clk_fpga_0  {rise@0.000ns fall@5.000ns period=10.000ns})
  Path Group:             clk_fpga_0
  Path Type:              Setup (Max at Slow Process Corner)
  Requirement:            30.555ns  (MaxDelay Path 30.555ns)
  Data Path Delay:        1.115ns  (logic 0.379ns (33.983%)  route 0.736ns (66.017%))
  Logic Levels:           0  
  Timing Exception:       MaxDelay Path 30.555ns -datapath_only

    Location             Delay type                Incr(ns)  Path(ns)    Netlist Resource(s)
  -------------------------------------------------------------------    -------------------
    SLICE_X49Y107                                     0.000     0.000 r  multi_protocol_bd_i/v_tc_0/U0/U_VIDEO_CTRL/AXI4_LITE_INTERFACE.ipif_RdData_reg[9]/C
    SLICE_X49Y107        FDRE (Prop_fdre_C_Q)         0.379     0.379 r  multi_protocol_bd_i/v_tc_0/U0/U_VIDEO_CTRL/AXI4_LITE_INTERFACE.ipif_RdData_reg[9]/Q
                         net (fo=1, routed)           0.736     1.115    multi_protocol_bd_i/v_tc_0/U0/U_VIDEO_CTRL/AXI4_LITE_INTERFACE.SYNC2PROCCLK_I/in_data[9]
    SLICE_X40Y99         FDRE                                         r  multi_protocol_bd_i/v_tc_0/U0/U_VIDEO_CTRL/AXI4_LITE_INTERFACE.SYNC2PROCCLK_I/data_sync_reg[0][9]/D
  -------------------------------------------------------------------    -------------------

                         max delay                   30.555    30.555    
    SLICE_X40Y99         FDRE (Setup_fdre_C_D)       -0.073    30.482    multi_protocol_bd_i/v_tc_0/U0/U_VIDEO_CTRL/AXI4_LITE_INTERFACE.SYNC2PROCCLK_I/data_sync_reg[0][9]
  -------------------------------------------------------------------
                         required time                         30.482    
                         arrival time                          -1.115    
  -------------------------------------------------------------------
                         slack                                 29.367    

Slack (MET) :             29.388ns  (required time - arrival time)
  Source:                 multi_protocol_bd_i/v_tc_0/U0/U_VIDEO_CTRL/AXI4_LITE_INTERFACE.ipif_RdData_reg[19]/C
                            (rising edge-triggered cell FDRE clocked by clk_fpga_1  {rise@0.000ns fall@15.278ns period=30.555ns})
  Destination:            multi_protocol_bd_i/v_tc_0/U0/U_VIDEO_CTRL/AXI4_LITE_INTERFACE.SYNC2PROCCLK_I/data_sync_reg[0][19]/D
                            (rising edge-triggered cell FDRE clocked by clk_fpga_0  {rise@0.000ns fall@5.000ns period=10.000ns})
  Path Group:             clk_fpga_0
  Path Type:              Setup (Max at Slow Process Corner)
  Requirement:            30.555ns  (MaxDelay Path 30.555ns)
  Data Path Delay:        1.094ns  (logic 0.379ns (34.646%)  route 0.715ns (65.354%))
  Logic Levels:           0  
  Timing Exception:       MaxDelay Path 30.555ns -datapath_only

    Location             Delay type                Incr(ns)  Path(ns)    Netlist Resource(s)
  -------------------------------------------------------------------    -------------------
    SLICE_X52Y117                                     0.000     0.000 r  multi_protocol_bd_i/v_tc_0/U0/U_VIDEO_CTRL/AXI4_LITE_INTERFACE.ipif_RdData_reg[19]/C
    SLICE_X52Y117        FDRE (Prop_fdre_C_Q)         0.379     0.379 r  multi_protocol_bd_i/v_tc_0/U0/U_VIDEO_CTRL/AXI4_LITE_INTERFACE.ipif_RdData_reg[19]/Q
                         net (fo=1, routed)           0.715     1.094    multi_protocol_bd_i/v_tc_0/U0/U_VIDEO_CTRL/AXI4_LITE_INTERFACE.SYNC2PROCCLK_I/in_data[19]
    SLICE_X48Y107        FDRE                                         r  multi_protocol_bd_i/v_tc_0/U0/U_VIDEO_CTRL/AXI4_LITE_INTERFACE.SYNC2PROCCLK_I/data_sync_reg[0][19]/D
  -------------------------------------------------------------------    -------------------

                         max delay                   30.555    30.555    
    SLICE_X48Y107        FDRE (Setup_fdre_C_D)       -0.073    30.482    multi_protocol_bd_i/v_tc_0/U0/U_VIDEO_CTRL/AXI4_LITE_INTERFACE.SYNC2PROCCLK_I/data_sync_reg[0][19]
  -------------------------------------------------------------------
                         required time                         30.482    
                         arrival time                          -1.094    
  -------------------------------------------------------------------
                         slack                                 29.388    

Slack (MET) :             29.394ns  (required time - arrival time)
  Source:                 multi_protocol_bd_i/v_tc_0/U0/U_VIDEO_CTRL/AXI4_LITE_INTERFACE.ipif_RdData_reg[20]/C
                            (rising edge-triggered cell FDRE clocked by clk_fpga_1  {rise@0.000ns fall@15.278ns period=30.555ns})
  Destination:            multi_protocol_bd_i/v_tc_0/U0/U_VIDEO_CTRL/AXI4_LITE_INTERFACE.SYNC2PROCCLK_I/data_sync_reg[0][20]/D
                            (rising edge-triggered cell FDRE clocked by clk_fpga_0  {rise@0.000ns fall@5.000ns period=10.000ns})
  Path Group:             clk_fpga_0
  Path Type:              Setup (Max at Slow Process Corner)
  Requirement:            30.555ns  (MaxDelay Path 30.555ns)
  Data Path Delay:        1.086ns  (logic 0.379ns (34.908%)  route 0.707ns (65.092%))
  Logic Levels:           0  
  Timing Exception:       MaxDelay Path 30.555ns -datapath_only

    Location             Delay type                Incr(ns)  Path(ns)    Netlist Resource(s)
  -------------------------------------------------------------------    -------------------
    SLICE_X52Y115                                     0.000     0.000 r  multi_protocol_bd_i/v_tc_0/U0/U_VIDEO_CTRL/AXI4_LITE_INTERFACE.ipif_RdData_reg[20]/C
    SLICE_X52Y115        FDRE (Prop_fdre_C_Q)         0.379     0.379 r  multi_protocol_bd_i/v_tc_0/U0/U_VIDEO_CTRL/AXI4_LITE_INTERFACE.ipif_RdData_reg[20]/Q
                         net (fo=1, routed)           0.707     1.086    multi_protocol_bd_i/v_tc_0/U0/U_VIDEO_CTRL/AXI4_LITE_INTERFACE.SYNC2PROCCLK_I/in_data[20]
    SLICE_X47Y107        FDRE                                         r  multi_protocol_bd_i/v_tc_0/U0/U_VIDEO_CTRL/AXI4_LITE_INTERFACE.SYNC2PROCCLK_I/data_sync_reg[0][20]/D
  -------------------------------------------------------------------    -------------------

                         max delay                   30.555    30.555    
    SLICE_X47Y107        FDRE (Setup_fdre_C_D)       -0.075    30.480    multi_protocol_bd_i/v_tc_0/U0/U_VIDEO_CTRL/AXI4_LITE_INTERFACE.SYNC2PROCCLK_I/data_sync_reg[0][20]
  -------------------------------------------------------------------
                         required time                         30.480    
                         arrival time                          -1.086    
  -------------------------------------------------------------------
                         slack                                 29.394    

Slack (MET) :             29.395ns  (required time - arrival time)
  Source:                 multi_protocol_bd_i/v_tc_0/U0/U_VIDEO_CTRL/AXI4_LITE_INTERFACE.ipif_RdData_reg[21]/C
                            (rising edge-triggered cell FDRE clocked by clk_fpga_1  {rise@0.000ns fall@15.278ns period=30.555ns})
  Destination:            multi_protocol_bd_i/v_tc_0/U0/U_VIDEO_CTRL/AXI4_LITE_INTERFACE.SYNC2PROCCLK_I/data_sync_reg[0][21]/D
                            (rising edge-triggered cell FDRE clocked by clk_fpga_0  {rise@0.000ns fall@5.000ns period=10.000ns})
  Path Group:             clk_fpga_0
  Path Type:              Setup (Max at Slow Process Corner)
  Requirement:            30.555ns  (MaxDelay Path 30.555ns)
  Data Path Delay:        1.085ns  (logic 0.379ns (34.936%)  route 0.706ns (65.064%))
  Logic Levels:           0  
  Timing Exception:       MaxDelay Path 30.555ns -datapath_only

    Location             Delay type                Incr(ns)  Path(ns)    Netlist Resource(s)
  -------------------------------------------------------------------    -------------------
    SLICE_X52Y117                                     0.000     0.000 r  multi_protocol_bd_i/v_tc_0/U0/U_VIDEO_CTRL/AXI4_LITE_INTERFACE.ipif_RdData_reg[21]/C
    SLICE_X52Y117        FDRE (Prop_fdre_C_Q)         0.379     0.379 r  multi_protocol_bd_i/v_tc_0/U0/U_VIDEO_CTRL/AXI4_LITE_INTERFACE.ipif_RdData_reg[21]/Q
                         net (fo=1, routed)           0.706     1.085    multi_protocol_bd_i/v_tc_0/U0/U_VIDEO_CTRL/AXI4_LITE_INTERFACE.SYNC2PROCCLK_I/in_data[21]
    SLICE_X48Y105        FDRE                                         r  multi_protocol_bd_i/v_tc_0/U0/U_VIDEO_CTRL/AXI4_LITE_INTERFACE.SYNC2PROCCLK_I/data_sync_reg[0][21]/D
  -------------------------------------------------------------------    -------------------

                         max delay                   30.555    30.555    
    SLICE_X48Y105        FDRE (Setup_fdre_C_D)       -0.075    30.480    multi_protocol_bd_i/v_tc_0/U0/U_VIDEO_CTRL/AXI4_LITE_INTERFACE.SYNC2PROCCLK_I/data_sync_reg[0][21]
  -------------------------------------------------------------------
                         required time                         30.480    
                         arrival time                          -1.085    
  -------------------------------------------------------------------
                         slack                                 29.395    

Slack (MET) :             29.410ns  (required time - arrival time)
  Source:                 multi_protocol_bd_i/v_tc_0/U0/U_VIDEO_CTRL/AXI4_LITE_INTERFACE.ipif_RdData_reg[23]/C
                            (rising edge-triggered cell FDRE clocked by clk_fpga_1  {rise@0.000ns fall@15.278ns period=30.555ns})
  Destination:            multi_protocol_bd_i/v_tc_0/U0/U_VIDEO_CTRL/AXI4_LITE_INTERFACE.SYNC2PROCCLK_I/data_sync_reg[0][23]/D
                            (rising edge-triggered cell FDRE clocked by clk_fpga_0  {rise@0.000ns fall@5.000ns period=10.000ns})
  Path Group:             clk_fpga_0
  Path Type:              Setup (Max at Slow Process Corner)
  Requirement:            30.555ns  (MaxDelay Path 30.555ns)
  Data Path Delay:        1.072ns  (logic 0.379ns (35.362%)  route 0.693ns (64.638%))
  Logic Levels:           0  
  Timing Exception:       MaxDelay Path 30.555ns -datapath_only

    Location             Delay type                Incr(ns)  Path(ns)    Netlist Resource(s)
  -------------------------------------------------------------------    -------------------
    SLICE_X52Y115                                     0.000     0.000 r  multi_protocol_bd_i/v_tc_0/U0/U_VIDEO_CTRL/AXI4_LITE_INTERFACE.ipif_RdData_reg[23]/C
    SLICE_X52Y115        FDRE (Prop_fdre_C_Q)         0.379     0.379 r  multi_protocol_bd_i/v_tc_0/U0/U_VIDEO_CTRL/AXI4_LITE_INTERFACE.ipif_RdData_reg[23]/Q
                         net (fo=1, routed)           0.693     1.072    multi_protocol_bd_i/v_tc_0/U0/U_VIDEO_CTRL/AXI4_LITE_INTERFACE.SYNC2PROCCLK_I/in_data[23]
    SLICE_X48Y105        FDRE                                         r  multi_protocol_bd_i/v_tc_0/U0/U_VIDEO_CTRL/AXI4_LITE_INTERFACE.SYNC2PROCCLK_I/data_sync_reg[0][23]/D
  -------------------------------------------------------------------    -------------------

                         max delay                   30.555    30.555    
    SLICE_X48Y105        FDRE (Setup_fdre_C_D)       -0.073    30.482    multi_protocol_bd_i/v_tc_0/U0/U_VIDEO_CTRL/AXI4_LITE_INTERFACE.SYNC2PROCCLK_I/data_sync_reg[0][23]
  -------------------------------------------------------------------
                         required time                         30.482    
                         arrival time                          -1.072    
  -------------------------------------------------------------------
                         slack                                 29.410    

Slack (MET) :             29.456ns  (required time - arrival time)
  Source:                 multi_protocol_bd_i/v_tc_0/U0/U_VIDEO_CTRL/AXI4_LITE_INTERFACE.ipif_RdData_reg[30]/C
                            (rising edge-triggered cell FDRE clocked by clk_fpga_1  {rise@0.000ns fall@15.278ns period=30.555ns})
  Destination:            multi_protocol_bd_i/v_tc_0/U0/U_VIDEO_CTRL/AXI4_LITE_INTERFACE.SYNC2PROCCLK_I/data_sync_reg[0][30]/D
                            (rising edge-triggered cell FDRE clocked by clk_fpga_0  {rise@0.000ns fall@5.000ns period=10.000ns})
  Path Group:             clk_fpga_0
  Path Type:              Setup (Max at Slow Process Corner)
  Requirement:            30.555ns  (MaxDelay Path 30.555ns)
  Data Path Delay:        1.070ns  (logic 0.433ns (40.468%)  route 0.637ns (59.532%))
  Logic Levels:           0  
  Timing Exception:       MaxDelay Path 30.555ns -datapath_only

    Location             Delay type                Incr(ns)  Path(ns)    Netlist Resource(s)
  -------------------------------------------------------------------    -------------------
    SLICE_X32Y110                                     0.000     0.000 r  multi_protocol_bd_i/v_tc_0/U0/U_VIDEO_CTRL/AXI4_LITE_INTERFACE.ipif_RdData_reg[30]/C
    SLICE_X32Y110        FDRE (Prop_fdre_C_Q)         0.433     0.433 r  multi_protocol_bd_i/v_tc_0/U0/U_VIDEO_CTRL/AXI4_LITE_INTERFACE.ipif_RdData_reg[30]/Q
                         net (fo=1, routed)           0.637     1.070    multi_protocol_bd_i/v_tc_0/U0/U_VIDEO_CTRL/AXI4_LITE_INTERFACE.SYNC2PROCCLK_I/in_data[30]
    SLICE_X38Y106        FDRE                                         r  multi_protocol_bd_i/v_tc_0/U0/U_VIDEO_CTRL/AXI4_LITE_INTERFACE.SYNC2PROCCLK_I/data_sync_reg[0][30]/D
  -------------------------------------------------------------------    -------------------

                         max delay                   30.555    30.555    
    SLICE_X38Y106        FDRE (Setup_fdre_C_D)       -0.029    30.526    multi_protocol_bd_i/v_tc_0/U0/U_VIDEO_CTRL/AXI4_LITE_INTERFACE.SYNC2PROCCLK_I/data_sync_reg[0][30]
  -------------------------------------------------------------------
                         required time                         30.526    
                         arrival time                          -1.070    
  -------------------------------------------------------------------
                         slack                                 29.456    

Slack (MET) :             29.504ns  (required time - arrival time)
  Source:                 multi_protocol_bd_i/v_tc_0/U0/U_VIDEO_CTRL/AXI4_LITE_INTERFACE.ipif_RdData_reg[29]/C
                            (rising edge-triggered cell FDRE clocked by clk_fpga_1  {rise@0.000ns fall@15.278ns period=30.555ns})
  Destination:            multi_protocol_bd_i/v_tc_0/U0/U_VIDEO_CTRL/AXI4_LITE_INTERFACE.SYNC2PROCCLK_I/data_sync_reg[0][29]/D
                            (rising edge-triggered cell FDRE clocked by clk_fpga_0  {rise@0.000ns fall@5.000ns period=10.000ns})
  Path Group:             clk_fpga_0
  Path Type:              Setup (Max at Slow Process Corner)
  Requirement:            30.555ns  (MaxDelay Path 30.555ns)
  Data Path Delay:        1.018ns  (logic 0.379ns (37.230%)  route 0.639ns (62.770%))
  Logic Levels:           0  
  Timing Exception:       MaxDelay Path 30.555ns -datapath_only

    Location             Delay type                Incr(ns)  Path(ns)    Netlist Resource(s)
  -------------------------------------------------------------------    -------------------
    SLICE_X33Y112                                     0.000     0.000 r  multi_protocol_bd_i/v_tc_0/U0/U_VIDEO_CTRL/AXI4_LITE_INTERFACE.ipif_RdData_reg[29]/C
    SLICE_X33Y112        FDRE (Prop_fdre_C_Q)         0.379     0.379 r  multi_protocol_bd_i/v_tc_0/U0/U_VIDEO_CTRL/AXI4_LITE_INTERFACE.ipif_RdData_reg[29]/Q
                         net (fo=1, routed)           0.639     1.018    multi_protocol_bd_i/v_tc_0/U0/U_VIDEO_CTRL/AXI4_LITE_INTERFACE.SYNC2PROCCLK_I/in_data[29]
    SLICE_X38Y106        FDRE                                         r  multi_protocol_bd_i/v_tc_0/U0/U_VIDEO_CTRL/AXI4_LITE_INTERFACE.SYNC2PROCCLK_I/data_sync_reg[0][29]/D
  -------------------------------------------------------------------    -------------------

                         max delay                   30.555    30.555    
    SLICE_X38Y106        FDRE (Setup_fdre_C_D)       -0.033    30.522    multi_protocol_bd_i/v_tc_0/U0/U_VIDEO_CTRL/AXI4_LITE_INTERFACE.SYNC2PROCCLK_I/data_sync_reg[0][29]
  -------------------------------------------------------------------
                         required time                         30.522    
                         arrival time                          -1.018    
  -------------------------------------------------------------------
                         slack                                 29.504    





---------------------------------------------------------------------------------------------------
From Clock:  clk_fpga_0
  To Clock:  clk_fpga_1

Setup :            0  Failing Endpoints,  Worst Slack        8.756ns,  Total Violation        0.000ns
Hold  :           NA  Failing Endpoints,  Worst Slack           NA  ,  Total Violation           NA
---------------------------------------------------------------------------------------------------


Max Delay Paths
--------------------------------------------------------------------------------------
Slack (MET) :             8.756ns  (required time - arrival time)
  Source:                 multi_protocol_bd_i/v_tc_0/U0/U_VIDEO_CTRL/AXI4_LITE_INTERFACE.proc_sync1_reg[22]/C
                            (rising edge-triggered cell FDRE clocked by clk_fpga_0  {rise@0.000ns fall@5.000ns period=10.000ns})
  Destination:            multi_protocol_bd_i/v_tc_0/U0/U_VIDEO_CTRL/AXI4_LITE_INTERFACE.SYNC2VIDCLK_I/data_sync_reg[0][22]/D
                            (rising edge-triggered cell FDRE clocked by clk_fpga_1  {rise@0.000ns fall@15.278ns period=30.555ns})
  Path Group:             clk_fpga_1
  Path Type:              Setup (Max at Slow Process Corner)
  Requirement:            10.000ns  (MaxDelay Path 10.000ns)
  Data Path Delay:        1.170ns  (logic 0.379ns (32.398%)  route 0.791ns (67.602%))
  Logic Levels:           0  
  Timing Exception:       MaxDelay Path 10.000ns -datapath_only

    Location             Delay type                Incr(ns)  Path(ns)    Netlist Resource(s)
  -------------------------------------------------------------------    -------------------
    SLICE_X39Y106                                     0.000     0.000 r  multi_protocol_bd_i/v_tc_0/U0/U_VIDEO_CTRL/AXI4_LITE_INTERFACE.proc_sync1_reg[22]/C
    SLICE_X39Y106        FDRE (Prop_fdre_C_Q)         0.379     0.379 r  multi_protocol_bd_i/v_tc_0/U0/U_VIDEO_CTRL/AXI4_LITE_INTERFACE.proc_sync1_reg[22]/Q
                         net (fo=1, routed)           0.791     1.170    multi_protocol_bd_i/v_tc_0/U0/U_VIDEO_CTRL/AXI4_LITE_INTERFACE.SYNC2VIDCLK_I/data_sync_reg[0][44]_0[22]
    SLICE_X40Y106        FDRE                                         r  multi_protocol_bd_i/v_tc_0/U0/U_VIDEO_CTRL/AXI4_LITE_INTERFACE.SYNC2VIDCLK_I/data_sync_reg[0][22]/D
  -------------------------------------------------------------------    -------------------

                         max delay                   10.000    10.000    
    SLICE_X40Y106        FDRE (Setup_fdre_C_D)       -0.074     9.926    multi_protocol_bd_i/v_tc_0/U0/U_VIDEO_CTRL/AXI4_LITE_INTERFACE.SYNC2VIDCLK_I/data_sync_reg[0][22]
  -------------------------------------------------------------------
                         required time                          9.926    
                         arrival time                          -1.170    
  -------------------------------------------------------------------
                         slack                                  8.756    

Slack (MET) :             8.898ns  (required time - arrival time)
  Source:                 multi_protocol_bd_i/v_axi4s_vid_out_0/inst/COUPLER_INST/generate_async_fifo.FIFO_INST/XPM_FIFO_ASYNC_INST/gnuram_async_fifo.xpm_fifo_base_inst/gen_cdc_pntr.wr_pntr_cdc_dc_inst/src_gray_ff_reg[1]/C
                            (rising edge-triggered cell FDRE clocked by clk_fpga_0  {rise@0.000ns fall@5.000ns period=10.000ns})
  Destination:            multi_protocol_bd_i/v_axi4s_vid_out_0/inst/COUPLER_INST/generate_async_fifo.FIFO_INST/XPM_FIFO_ASYNC_INST/gnuram_async_fifo.xpm_fifo_base_inst/gen_cdc_pntr.wr_pntr_cdc_dc_inst/dest_graysync_ff_reg[0][1]/D
                            (rising edge-triggered cell FDRE clocked by clk_fpga_1  {rise@0.000ns fall@15.278ns period=30.555ns})
  Path Group:             clk_fpga_1
  Path Type:              Setup (Max at Slow Process Corner)
  Requirement:            10.000ns  (MaxDelay Path 10.000ns)
  Data Path Delay:        0.890ns  (logic 0.348ns (39.096%)  route 0.542ns (60.904%))
  Logic Levels:           0  
  Timing Exception:       MaxDelay Path 10.000ns -datapath_only

    Location             Delay type                Incr(ns)  Path(ns)    Netlist Resource(s)
  -------------------------------------------------------------------    -------------------
    SLICE_X33Y31                                      0.000     0.000 r  multi_protocol_bd_i/v_axi4s_vid_out_0/inst/COUPLER_INST/generate_async_fifo.FIFO_INST/XPM_FIFO_ASYNC_INST/gnuram_async_fifo.xpm_fifo_base_inst/gen_cdc_pntr.wr_pntr_cdc_dc_inst/src_gray_ff_reg[1]/C
    SLICE_X33Y31         FDRE (Prop_fdre_C_Q)         0.348     0.348 r  multi_protocol_bd_i/v_axi4s_vid_out_0/inst/COUPLER_INST/generate_async_fifo.FIFO_INST/XPM_FIFO_ASYNC_INST/gnuram_async_fifo.xpm_fifo_base_inst/gen_cdc_pntr.wr_pntr_cdc_dc_inst/src_gray_ff_reg[1]/Q
                         net (fo=1, routed)           0.542     0.890    multi_protocol_bd_i/v_axi4s_vid_out_0/inst/COUPLER_INST/generate_async_fifo.FIFO_INST/XPM_FIFO_ASYNC_INST/gnuram_async_fifo.xpm_fifo_base_inst/gen_cdc_pntr.wr_pntr_cdc_dc_inst/async_path[1]
    SLICE_X28Y30         FDRE                                         r  multi_protocol_bd_i/v_axi4s_vid_out_0/inst/COUPLER_INST/generate_async_fifo.FIFO_INST/XPM_FIFO_ASYNC_INST/gnuram_async_fifo.xpm_fifo_base_inst/gen_cdc_pntr.wr_pntr_cdc_dc_inst/dest_graysync_ff_reg[0][1]/D
  -------------------------------------------------------------------    -------------------

                         max delay                   10.000    10.000    
    SLICE_X28Y30         FDRE (Setup_fdre_C_D)       -0.212     9.788    multi_protocol_bd_i/v_axi4s_vid_out_0/inst/COUPLER_INST/generate_async_fifo.FIFO_INST/XPM_FIFO_ASYNC_INST/gnuram_async_fifo.xpm_fifo_base_inst/gen_cdc_pntr.wr_pntr_cdc_dc_inst/dest_graysync_ff_reg[0][1]
  -------------------------------------------------------------------
                         required time                          9.788    
                         arrival time                          -0.890    
  -------------------------------------------------------------------
                         slack                                  8.898    

Slack (MET) :             8.950ns  (required time - arrival time)
  Source:                 multi_protocol_bd_i/v_axi4s_vid_out_0/inst/COUPLER_INST/generate_async_fifo.FIFO_INST/XPM_FIFO_ASYNC_INST/gnuram_async_fifo.xpm_fifo_base_inst/gen_cdc_pntr.wr_pntr_cdc_dc_inst/src_gray_ff_reg[2]/C
                            (rising edge-triggered cell FDRE clocked by clk_fpga_0  {rise@0.000ns fall@5.000ns period=10.000ns})
  Destination:            multi_protocol_bd_i/v_axi4s_vid_out_0/inst/COUPLER_INST/generate_async_fifo.FIFO_INST/XPM_FIFO_ASYNC_INST/gnuram_async_fifo.xpm_fifo_base_inst/gen_cdc_pntr.wr_pntr_cdc_dc_inst/dest_graysync_ff_reg[0][2]/D
                            (rising edge-triggered cell FDRE clocked by clk_fpga_1  {rise@0.000ns fall@15.278ns period=30.555ns})
  Path Group:             clk_fpga_1
  Path Type:              Setup (Max at Slow Process Corner)
  Requirement:            10.000ns  (MaxDelay Path 10.000ns)
  Data Path Delay:        0.975ns  (logic 0.433ns (44.425%)  route 0.542ns (55.575%))
  Logic Levels:           0  
  Timing Exception:       MaxDelay Path 10.000ns -datapath_only

    Location             Delay type                Incr(ns)  Path(ns)    Netlist Resource(s)
  -------------------------------------------------------------------    -------------------
    SLICE_X32Y33                                      0.000     0.000 r  multi_protocol_bd_i/v_axi4s_vid_out_0/inst/COUPLER_INST/generate_async_fifo.FIFO_INST/XPM_FIFO_ASYNC_INST/gnuram_async_fifo.xpm_fifo_base_inst/gen_cdc_pntr.wr_pntr_cdc_dc_inst/src_gray_ff_reg[2]/C
    SLICE_X32Y33         FDRE (Prop_fdre_C_Q)         0.433     0.433 r  multi_protocol_bd_i/v_axi4s_vid_out_0/inst/COUPLER_INST/generate_async_fifo.FIFO_INST/XPM_FIFO_ASYNC_INST/gnuram_async_fifo.xpm_fifo_base_inst/gen_cdc_pntr.wr_pntr_cdc_dc_inst/src_gray_ff_reg[2]/Q
                         net (fo=1, routed)           0.542     0.975    multi_protocol_bd_i/v_axi4s_vid_out_0/inst/COUPLER_INST/generate_async_fifo.FIFO_INST/XPM_FIFO_ASYNC_INST/gnuram_async_fifo.xpm_fifo_base_inst/gen_cdc_pntr.wr_pntr_cdc_dc_inst/async_path[2]
    SLICE_X28Y32         FDRE                                         r  multi_protocol_bd_i/v_axi4s_vid_out_0/inst/COUPLER_INST/generate_async_fifo.FIFO_INST/XPM_FIFO_ASYNC_INST/gnuram_async_fifo.xpm_fifo_base_inst/gen_cdc_pntr.wr_pntr_cdc_dc_inst/dest_graysync_ff_reg[0][2]/D
  -------------------------------------------------------------------    -------------------

                         max delay                   10.000    10.000    
    SLICE_X28Y32         FDRE (Setup_fdre_C_D)       -0.075     9.925    multi_protocol_bd_i/v_axi4s_vid_out_0/inst/COUPLER_INST/generate_async_fifo.FIFO_INST/XPM_FIFO_ASYNC_INST/gnuram_async_fifo.xpm_fifo_base_inst/gen_cdc_pntr.wr_pntr_cdc_dc_inst/dest_graysync_ff_reg[0][2]
  -------------------------------------------------------------------
                         required time                          9.925    
                         arrival time                          -0.975    
  -------------------------------------------------------------------
                         slack                                  8.950    

Slack (MET) :             8.954ns  (required time - arrival time)
  Source:                 multi_protocol_bd_i/v_tc_0/U0/U_VIDEO_CTRL/AXI4_LITE_INTERFACE.proc_sync1_reg[18]/C
                            (rising edge-triggered cell FDRE clocked by clk_fpga_0  {rise@0.000ns fall@5.000ns period=10.000ns})
  Destination:            multi_protocol_bd_i/v_tc_0/U0/U_VIDEO_CTRL/AXI4_LITE_INTERFACE.SYNC2VIDCLK_I/data_sync_reg[0][18]/D
                            (rising edge-triggered cell FDRE clocked by clk_fpga_1  {rise@0.000ns fall@15.278ns period=30.555ns})
  Path Group:             clk_fpga_1
  Path Type:              Setup (Max at Slow Process Corner)
  Requirement:            10.000ns  (MaxDelay Path 10.000ns)
  Data Path Delay:        0.987ns  (logic 0.379ns (38.414%)  route 0.608ns (61.586%))
  Logic Levels:           0  
  Timing Exception:       MaxDelay Path 10.000ns -datapath_only

    Location             Delay type                Incr(ns)  Path(ns)    Netlist Resource(s)
  -------------------------------------------------------------------    -------------------
    SLICE_X51Y101                                     0.000     0.000 r  multi_protocol_bd_i/v_tc_0/U0/U_VIDEO_CTRL/AXI4_LITE_INTERFACE.proc_sync1_reg[18]/C
    SLICE_X51Y101        FDRE (Prop_fdre_C_Q)         0.379     0.379 r  multi_protocol_bd_i/v_tc_0/U0/U_VIDEO_CTRL/AXI4_LITE_INTERFACE.proc_sync1_reg[18]/Q
                         net (fo=1, routed)           0.608     0.987    multi_protocol_bd_i/v_tc_0/U0/U_VIDEO_CTRL/AXI4_LITE_INTERFACE.SYNC2VIDCLK_I/data_sync_reg[0][44]_0[18]
    SLICE_X51Y107        FDRE                                         r  multi_protocol_bd_i/v_tc_0/U0/U_VIDEO_CTRL/AXI4_LITE_INTERFACE.SYNC2VIDCLK_I/data_sync_reg[0][18]/D
  -------------------------------------------------------------------    -------------------

                         max delay                   10.000    10.000    
    SLICE_X51Y107        FDRE (Setup_fdre_C_D)       -0.059     9.941    multi_protocol_bd_i/v_tc_0/U0/U_VIDEO_CTRL/AXI4_LITE_INTERFACE.SYNC2VIDCLK_I/data_sync_reg[0][18]
  -------------------------------------------------------------------
                         required time                          9.941    
                         arrival time                          -0.987    
  -------------------------------------------------------------------
                         slack                                  8.954    

Slack (MET) :             8.959ns  (required time - arrival time)
  Source:                 multi_protocol_bd_i/v_tc_0/U0/U_VIDEO_CTRL/AXI4_LITE_INTERFACE.proc_sync1_reg[36]/C
                            (rising edge-triggered cell FDRE clocked by clk_fpga_0  {rise@0.000ns fall@5.000ns period=10.000ns})
  Destination:            multi_protocol_bd_i/v_tc_0/U0/U_VIDEO_CTRL/AXI4_LITE_INTERFACE.SYNC2VIDCLK_I/data_sync_reg[0][36]/D
                            (rising edge-triggered cell FDRE clocked by clk_fpga_1  {rise@0.000ns fall@15.278ns period=30.555ns})
  Path Group:             clk_fpga_1
  Path Type:              Setup (Max at Slow Process Corner)
  Requirement:            10.000ns  (MaxDelay Path 10.000ns)
  Data Path Delay:        0.881ns  (logic 0.398ns (45.187%)  route 0.483ns (54.813%))
  Logic Levels:           0  
  Timing Exception:       MaxDelay Path 10.000ns -datapath_only

    Location             Delay type                Incr(ns)  Path(ns)    Netlist Resource(s)
  -------------------------------------------------------------------    -------------------
    SLICE_X36Y100                                     0.000     0.000 r  multi_protocol_bd_i/v_tc_0/U0/U_VIDEO_CTRL/AXI4_LITE_INTERFACE.proc_sync1_reg[36]/C
    SLICE_X36Y100        FDRE (Prop_fdre_C_Q)         0.398     0.398 r  multi_protocol_bd_i/v_tc_0/U0/U_VIDEO_CTRL/AXI4_LITE_INTERFACE.proc_sync1_reg[36]/Q
                         net (fo=1, routed)           0.483     0.881    multi_protocol_bd_i/v_tc_0/U0/U_VIDEO_CTRL/AXI4_LITE_INTERFACE.SYNC2VIDCLK_I/data_sync_reg[0][44]_0[36]
    SLICE_X38Y101        FDRE                                         r  multi_protocol_bd_i/v_tc_0/U0/U_VIDEO_CTRL/AXI4_LITE_INTERFACE.SYNC2VIDCLK_I/data_sync_reg[0][36]/D
  -------------------------------------------------------------------    -------------------

                         max delay                   10.000    10.000    
    SLICE_X38Y101        FDRE (Setup_fdre_C_D)       -0.160     9.840    multi_protocol_bd_i/v_tc_0/U0/U_VIDEO_CTRL/AXI4_LITE_INTERFACE.SYNC2VIDCLK_I/data_sync_reg[0][36]
  -------------------------------------------------------------------
                         required time                          9.840    
                         arrival time                          -0.881    
  -------------------------------------------------------------------
                         slack                                  8.959    

Slack (MET) :             8.959ns  (required time - arrival time)
  Source:                 multi_protocol_bd_i/v_tc_0/U0/U_VIDEO_CTRL/AXI4_LITE_INTERFACE.proc_sync1_reg[20]/C
                            (rising edge-triggered cell FDRE clocked by clk_fpga_0  {rise@0.000ns fall@5.000ns period=10.000ns})
  Destination:            multi_protocol_bd_i/v_tc_0/U0/U_VIDEO_CTRL/AXI4_LITE_INTERFACE.SYNC2VIDCLK_I/data_sync_reg[0][20]/D
                            (rising edge-triggered cell FDRE clocked by clk_fpga_1  {rise@0.000ns fall@15.278ns period=30.555ns})
  Path Group:             clk_fpga_1
  Path Type:              Setup (Max at Slow Process Corner)
  Requirement:            10.000ns  (MaxDelay Path 10.000ns)
  Data Path Delay:        0.831ns  (logic 0.348ns (41.902%)  route 0.483ns (58.098%))
  Logic Levels:           0  
  Timing Exception:       MaxDelay Path 10.000ns -datapath_only

    Location             Delay type                Incr(ns)  Path(ns)    Netlist Resource(s)
  -------------------------------------------------------------------    -------------------
    SLICE_X51Y101                                     0.000     0.000 r  multi_protocol_bd_i/v_tc_0/U0/U_VIDEO_CTRL/AXI4_LITE_INTERFACE.proc_sync1_reg[20]/C
    SLICE_X51Y101        FDRE (Prop_fdre_C_Q)         0.348     0.348 r  multi_protocol_bd_i/v_tc_0/U0/U_VIDEO_CTRL/AXI4_LITE_INTERFACE.proc_sync1_reg[20]/Q
                         net (fo=1, routed)           0.483     0.831    multi_protocol_bd_i/v_tc_0/U0/U_VIDEO_CTRL/AXI4_LITE_INTERFACE.SYNC2VIDCLK_I/data_sync_reg[0][44]_0[20]
    SLICE_X51Y103        FDRE                                         r  multi_protocol_bd_i/v_tc_0/U0/U_VIDEO_CTRL/AXI4_LITE_INTERFACE.SYNC2VIDCLK_I/data_sync_reg[0][20]/D
  -------------------------------------------------------------------    -------------------

                         max delay                   10.000    10.000    
    SLICE_X51Y103        FDRE (Setup_fdre_C_D)       -0.210     9.790    multi_protocol_bd_i/v_tc_0/U0/U_VIDEO_CTRL/AXI4_LITE_INTERFACE.SYNC2VIDCLK_I/data_sync_reg[0][20]
  -------------------------------------------------------------------
                         required time                          9.790    
                         arrival time                          -0.831    
  -------------------------------------------------------------------
                         slack                                  8.959    

Slack (MET) :             8.963ns  (required time - arrival time)
  Source:                 multi_protocol_bd_i/v_tc_0/U0/U_VIDEO_CTRL/AXI4_LITE_INTERFACE.proc_sync1_reg[19]/C
                            (rising edge-triggered cell FDRE clocked by clk_fpga_0  {rise@0.000ns fall@5.000ns period=10.000ns})
  Destination:            multi_protocol_bd_i/v_tc_0/U0/U_VIDEO_CTRL/AXI4_LITE_INTERFACE.SYNC2VIDCLK_I/data_sync_reg[0][19]/D
                            (rising edge-triggered cell FDRE clocked by clk_fpga_1  {rise@0.000ns fall@15.278ns period=30.555ns})
  Path Group:             clk_fpga_1
  Path Type:              Setup (Max at Slow Process Corner)
  Requirement:            10.000ns  (MaxDelay Path 10.000ns)
  Data Path Delay:        0.890ns  (logic 0.348ns (39.117%)  route 0.542ns (60.883%))
  Logic Levels:           0  
  Timing Exception:       MaxDelay Path 10.000ns -datapath_only

    Location             Delay type                Incr(ns)  Path(ns)    Netlist Resource(s)
  -------------------------------------------------------------------    -------------------
    SLICE_X51Y101                                     0.000     0.000 r  multi_protocol_bd_i/v_tc_0/U0/U_VIDEO_CTRL/AXI4_LITE_INTERFACE.proc_sync1_reg[19]/C
    SLICE_X51Y101        FDRE (Prop_fdre_C_Q)         0.348     0.348 r  multi_protocol_bd_i/v_tc_0/U0/U_VIDEO_CTRL/AXI4_LITE_INTERFACE.proc_sync1_reg[19]/Q
                         net (fo=1, routed)           0.542     0.890    multi_protocol_bd_i/v_tc_0/U0/U_VIDEO_CTRL/AXI4_LITE_INTERFACE.SYNC2VIDCLK_I/data_sync_reg[0][44]_0[19]
    SLICE_X50Y109        FDRE                                         r  multi_protocol_bd_i/v_tc_0/U0/U_VIDEO_CTRL/AXI4_LITE_INTERFACE.SYNC2VIDCLK_I/data_sync_reg[0][19]/D
  -------------------------------------------------------------------    -------------------

                         max delay                   10.000    10.000    
    SLICE_X50Y109        FDRE (Setup_fdre_C_D)       -0.147     9.853    multi_protocol_bd_i/v_tc_0/U0/U_VIDEO_CTRL/AXI4_LITE_INTERFACE.SYNC2VIDCLK_I/data_sync_reg[0][19]
  -------------------------------------------------------------------
                         required time                          9.853    
                         arrival time                          -0.890    
  -------------------------------------------------------------------
                         slack                                  8.963    

Slack (MET) :             8.966ns  (required time - arrival time)
  Source:                 multi_protocol_bd_i/v_axi4s_vid_out_0/inst/COUPLER_INST/generate_async_fifo.FIFO_INST/XPM_FIFO_ASYNC_INST/gnuram_async_fifo.xpm_fifo_base_inst/gen_cdc_pntr.wr_pntr_cdc_dc_inst/src_gray_ff_reg[3]/C
                            (rising edge-triggered cell FDRE clocked by clk_fpga_0  {rise@0.000ns fall@5.000ns period=10.000ns})
  Destination:            multi_protocol_bd_i/v_axi4s_vid_out_0/inst/COUPLER_INST/generate_async_fifo.FIFO_INST/XPM_FIFO_ASYNC_INST/gnuram_async_fifo.xpm_fifo_base_inst/gen_cdc_pntr.wr_pntr_cdc_dc_inst/dest_graysync_ff_reg[0][3]/D
                            (rising edge-triggered cell FDRE clocked by clk_fpga_1  {rise@0.000ns fall@15.278ns period=30.555ns})
  Path Group:             clk_fpga_1
  Path Type:              Setup (Max at Slow Process Corner)
  Requirement:            10.000ns  (MaxDelay Path 10.000ns)
  Data Path Delay:        0.832ns  (logic 0.398ns (47.852%)  route 0.434ns (52.148%))
  Logic Levels:           0  
  Timing Exception:       MaxDelay Path 10.000ns -datapath_only

    Location             Delay type                Incr(ns)  Path(ns)    Netlist Resource(s)
  -------------------------------------------------------------------    -------------------
    SLICE_X32Y33                                      0.000     0.000 r  multi_protocol_bd_i/v_axi4s_vid_out_0/inst/COUPLER_INST/generate_async_fifo.FIFO_INST/XPM_FIFO_ASYNC_INST/gnuram_async_fifo.xpm_fifo_base_inst/gen_cdc_pntr.wr_pntr_cdc_dc_inst/src_gray_ff_reg[3]/C
    SLICE_X32Y33         FDRE (Prop_fdre_C_Q)         0.398     0.398 r  multi_protocol_bd_i/v_axi4s_vid_out_0/inst/COUPLER_INST/generate_async_fifo.FIFO_INST/XPM_FIFO_ASYNC_INST/gnuram_async_fifo.xpm_fifo_base_inst/gen_cdc_pntr.wr_pntr_cdc_dc_inst/src_gray_ff_reg[3]/Q
                         net (fo=1, routed)           0.434     0.832    multi_protocol_bd_i/v_axi4s_vid_out_0/inst/COUPLER_INST/generate_async_fifo.FIFO_INST/XPM_FIFO_ASYNC_INST/gnuram_async_fifo.xpm_fifo_base_inst/gen_cdc_pntr.wr_pntr_cdc_dc_inst/async_path[3]
    SLICE_X28Y33         FDRE                                         r  multi_protocol_bd_i/v_axi4s_vid_out_0/inst/COUPLER_INST/generate_async_fifo.FIFO_INST/XPM_FIFO_ASYNC_INST/gnuram_async_fifo.xpm_fifo_base_inst/gen_cdc_pntr.wr_pntr_cdc_dc_inst/dest_graysync_ff_reg[0][3]/D
  -------------------------------------------------------------------    -------------------

                         max delay                   10.000    10.000    
    SLICE_X28Y33         FDRE (Setup_fdre_C_D)       -0.202     9.798    multi_protocol_bd_i/v_axi4s_vid_out_0/inst/COUPLER_INST/generate_async_fifo.FIFO_INST/XPM_FIFO_ASYNC_INST/gnuram_async_fifo.xpm_fifo_base_inst/gen_cdc_pntr.wr_pntr_cdc_dc_inst/dest_graysync_ff_reg[0][3]
  -------------------------------------------------------------------
                         required time                          9.798    
                         arrival time                          -0.832    
  -------------------------------------------------------------------
                         slack                                  8.966    

Slack (MET) :             8.970ns  (required time - arrival time)
  Source:                 multi_protocol_bd_i/v_axi4s_vid_out_0/inst/COUPLER_INST/generate_async_fifo.FIFO_INST/XPM_FIFO_ASYNC_INST/gnuram_async_fifo.xpm_fifo_base_inst/gen_cdc_pntr.wr_pntr_cdc_dc_inst/src_gray_ff_reg[9]/C
                            (rising edge-triggered cell FDRE clocked by clk_fpga_0  {rise@0.000ns fall@5.000ns period=10.000ns})
  Destination:            multi_protocol_bd_i/v_axi4s_vid_out_0/inst/COUPLER_INST/generate_async_fifo.FIFO_INST/XPM_FIFO_ASYNC_INST/gnuram_async_fifo.xpm_fifo_base_inst/gen_cdc_pntr.wr_pntr_cdc_dc_inst/dest_graysync_ff_reg[0][9]/D
                            (rising edge-triggered cell FDRE clocked by clk_fpga_1  {rise@0.000ns fall@15.278ns period=30.555ns})
  Path Group:             clk_fpga_1
  Path Type:              Setup (Max at Slow Process Corner)
  Requirement:            10.000ns  (MaxDelay Path 10.000ns)
  Data Path Delay:        0.825ns  (logic 0.398ns (48.230%)  route 0.427ns (51.770%))
  Logic Levels:           0  
  Timing Exception:       MaxDelay Path 10.000ns -datapath_only

    Location             Delay type                Incr(ns)  Path(ns)    Netlist Resource(s)
  -------------------------------------------------------------------    -------------------
    SLICE_X32Y33                                      0.000     0.000 r  multi_protocol_bd_i/v_axi4s_vid_out_0/inst/COUPLER_INST/generate_async_fifo.FIFO_INST/XPM_FIFO_ASYNC_INST/gnuram_async_fifo.xpm_fifo_base_inst/gen_cdc_pntr.wr_pntr_cdc_dc_inst/src_gray_ff_reg[9]/C
    SLICE_X32Y33         FDRE (Prop_fdre_C_Q)         0.398     0.398 r  multi_protocol_bd_i/v_axi4s_vid_out_0/inst/COUPLER_INST/generate_async_fifo.FIFO_INST/XPM_FIFO_ASYNC_INST/gnuram_async_fifo.xpm_fifo_base_inst/gen_cdc_pntr.wr_pntr_cdc_dc_inst/src_gray_ff_reg[9]/Q
                         net (fo=1, routed)           0.427     0.825    multi_protocol_bd_i/v_axi4s_vid_out_0/inst/COUPLER_INST/generate_async_fifo.FIFO_INST/XPM_FIFO_ASYNC_INST/gnuram_async_fifo.xpm_fifo_base_inst/gen_cdc_pntr.wr_pntr_cdc_dc_inst/async_path[9]
    SLICE_X29Y33         FDRE                                         r  multi_protocol_bd_i/v_axi4s_vid_out_0/inst/COUPLER_INST/generate_async_fifo.FIFO_INST/XPM_FIFO_ASYNC_INST/gnuram_async_fifo.xpm_fifo_base_inst/gen_cdc_pntr.wr_pntr_cdc_dc_inst/dest_graysync_ff_reg[0][9]/D
  -------------------------------------------------------------------    -------------------

                         max delay                   10.000    10.000    
    SLICE_X29Y33         FDRE (Setup_fdre_C_D)       -0.205     9.795    multi_protocol_bd_i/v_axi4s_vid_out_0/inst/COUPLER_INST/generate_async_fifo.FIFO_INST/XPM_FIFO_ASYNC_INST/gnuram_async_fifo.xpm_fifo_base_inst/gen_cdc_pntr.wr_pntr_cdc_dc_inst/dest_graysync_ff_reg[0][9]
  -------------------------------------------------------------------
                         required time                          9.795    
                         arrival time                          -0.825    
  -------------------------------------------------------------------
                         slack                                  8.970    

Slack (MET) :             8.978ns  (required time - arrival time)
  Source:                 multi_protocol_bd_i/v_tc_0/U0/U_VIDEO_CTRL/AXI4_LITE_INTERFACE.proc_sync1_reg[13]/C
                            (rising edge-triggered cell FDRE clocked by clk_fpga_0  {rise@0.000ns fall@5.000ns period=10.000ns})
  Destination:            multi_protocol_bd_i/v_tc_0/U0/U_VIDEO_CTRL/AXI4_LITE_INTERFACE.SYNC2VIDCLK_I/data_sync_reg[0][13]/D
                            (rising edge-triggered cell FDRE clocked by clk_fpga_1  {rise@0.000ns fall@15.278ns period=30.555ns})
  Path Group:             clk_fpga_1
  Path Type:              Setup (Max at Slow Process Corner)
  Requirement:            10.000ns  (MaxDelay Path 10.000ns)
  Data Path Delay:        0.814ns  (logic 0.348ns (42.758%)  route 0.466ns (57.242%))
  Logic Levels:           0  
  Timing Exception:       MaxDelay Path 10.000ns -datapath_only

    Location             Delay type                Incr(ns)  Path(ns)    Netlist Resource(s)
  -------------------------------------------------------------------    -------------------
    SLICE_X37Y101                                     0.000     0.000 r  multi_protocol_bd_i/v_tc_0/U0/U_VIDEO_CTRL/AXI4_LITE_INTERFACE.proc_sync1_reg[13]/C
    SLICE_X37Y101        FDRE (Prop_fdre_C_Q)         0.348     0.348 r  multi_protocol_bd_i/v_tc_0/U0/U_VIDEO_CTRL/AXI4_LITE_INTERFACE.proc_sync1_reg[13]/Q
                         net (fo=1, routed)           0.466     0.814    multi_protocol_bd_i/v_tc_0/U0/U_VIDEO_CTRL/AXI4_LITE_INTERFACE.SYNC2VIDCLK_I/data_sync_reg[0][44]_0[13]
    SLICE_X37Y105        FDRE                                         r  multi_protocol_bd_i/v_tc_0/U0/U_VIDEO_CTRL/AXI4_LITE_INTERFACE.SYNC2VIDCLK_I/data_sync_reg[0][13]/D
  -------------------------------------------------------------------    -------------------

                         max delay                   10.000    10.000    
    SLICE_X37Y105        FDRE (Setup_fdre_C_D)       -0.208     9.792    multi_protocol_bd_i/v_tc_0/U0/U_VIDEO_CTRL/AXI4_LITE_INTERFACE.SYNC2VIDCLK_I/data_sync_reg[0][13]
  -------------------------------------------------------------------
                         required time                          9.792    
                         arrival time                          -0.814    
  -------------------------------------------------------------------
                         slack                                  8.978    





